date,product,usd,tons
1997-01-01,soybean_meal,133239012,486775.0579528809
1997-01-01,soybean_oil,34717077,66915.87200927734
1997-01-01,soybeans,4118740,14030
1997-02-01,soybean_meal,47590539,176535.7164285183
1997-02-01,soybean_oil,18351677,34560.97802114487
1997-02-01,soybeans,4896148,17095
1997-03-01,soybean_meal,152682096,575665.5228300095
1997-03-01,soybean_oil,11659979,21486.51905822754
1997-03-01,soybeans,156200973,550157.5563964844
1997-04-01,soybean_meal,324619851,1208243.60017395
1997-04-01,soybean_oil,84030219,161242.6664428711
1997-04-01,soybeans,460037403,1589692.914123535
1997-05-01,soybean_meal,344844289,1269342.621231079
1997-05-01,soybean_oil,81412001,156071.8789978027
1997-05-01,soybeans,487264543,1644029.734939575
1997-06-01,soybean_meal,356289902,1326600.332552344
1997-06-01,soybean_oil,105427481,196700.9765506685
1997-06-01,soybeans,390852799,1330193.185043335
1997-07-01,soybean_meal,347168294,1312065.519286349
1997-07-01,soybean_oil,94709865,182593.0500826836
1997-07-01,soybeans,482321713,1628400.332351685
1997-08-01,soybean_meal,325183699,1224774.022722244
1997-08-01,soybean_oil,56148815,105158.6268768311
1997-08-01,soybeans,286584982,971753.0470123291
1997-09-01,soybean_meal,271004976,1005997.800416946
1997-09-01,soybean_oil,64017642,121365.294198513
1997-09-01,soybeans,102112390,342145.3484752029
1997-10-01,soybean_meal,178549484,679404.3734130859
1997-10-01,soybean_oil,14242999,25051.27679204941
1997-10-01,soybeans,31773507,104099.693730101
1997-11-01,soybean_meal,65632243,250533.0145263672
1997-11-01,soybean_oil,10297607,17177.85499191284
1997-11-01,soybeans,1127542,3164.179975509644
1997-12-01,soybean_meal,121373087,450007.6089401245
1997-12-01,soybean_oil,17307051,29126.18099015951
1997-12-01,soybeans,118429,264.1199999973178
1998-01-01,soybean_meal,78284388,305397.7320802808
1998-01-01,soybean_oil,13601299,21378.94499588013
1998-01-01,soybeans,681933,1624.159975588322
1998-02-01,soybean_meal,50857087,213314.4892120361
1998-02-01,soybean_oil,5565833,9380.868993759155
1998-02-01,soybeans,164272,418.3999996185303
1998-03-01,soybean_meal,102808243,489069.6700195074
1998-03-01,soybean_oil,26899865,46036.2459859848
1998-03-01,soybeans,95925349,387346.0365905762
1998-04-01,soybean_meal,171906111,922954.8039245605
1998-04-01,soybean_oil,92672299,155772.6114851087
1998-04-01,soybeans,424106980,1774592.909072876
1998-05-01,soybean_meal,225452693,1298063.591156006
1998-05-01,soybean_oil,65272111,105447.2141128778
1998-05-01,soybeans,414480227,1760372.269821167
1998-06-01,soybean_meal,220038463,1356621.105113983
1998-06-01,soybean_oil,136442734,221941.5707446337
1998-06-01,soybeans,322459583,1373378.01002121
1998-07-01,soybean_meal,159810096,1002344.839698792
1998-07-01,soybean_oil,139993441,228492.6929563284
1998-07-01,soybeans,248608724,1066702.511825562
1998-08-01,soybean_meal,146513400,948021.1507332325
1998-08-01,soybean_oil,79562482,135049.8430036306
1998-08-01,soybeans,185973137,814345.222442627
1998-09-01,soybean_meal,193174629,1275050.789587021
1998-09-01,soybean_oil,82352213,135076.4161691666
1998-09-01,soybeans,206455010,898639.8648290634
1998-10-01,soybean_meal,111455596,766031.2936310768
1998-10-01,soybean_oil,36131853,58689.14499664307
1998-10-01,soybeans,85270743,373400.4177856445
1998-11-01,soybean_meal,116685865,767872.5161132813
1998-11-01,soybean_oil,60025976,96906.84660124779
1998-11-01,soybeans,38660803,166280.6923217773
1998-12-01,soybean_meal,94180740,603133.0991706848
1998-12-01,soybean_oil,53060805,85907.67210364342
1998-12-01,soybeans,13282433,62391.81977558136
1999-01-01,soybean_meal,115200364,727099.2726268768
1999-01-01,soybean_oil,37921236,64680.24900484085
1999-01-01,soybeans,9115549,39262.48657226563
1999-02-01,soybean_meal,65742726,422454.5557832718
1999-02-01,soybean_oil,45519028,78706.4649733305
1999-02-01,soybeans,28385880,142741.7402954102
1999-03-01,soybean_meal,42399821,304464.899269104
1999-03-01,soybean_oil,48466623,93189.98901289701
1999-03-01,soybeans,86905889,475229.2368164063
1999-04-01,soybean_meal,82111862,610451.4573059082
1999-04-01,soybean_oil,57902908,130490.2483114004
1999-04-01,soybeans,265068404,1458215.500213623
1999-05-01,soybean_meal,167538571,1227594.336242676
1999-05-01,soybean_oil,97306671,217254.5240027905
1999-05-01,soybeans,296808388,1652974.402740479
1999-06-01,soybean_meal,156993288,1173726.709582925
1999-06-01,soybean_oil,120588700,274945.6255900711
1999-06-01,soybeans,227177804,1302715.058185577
1999-07-01,soybean_meal,136779885,1020239.895092785
1999-07-01,soybean_oil,13757904,33607.60399898887
1999-07-01,soybeans,188627275,1074759.277824402
1999-08-01,soybean_meal,110470984,800516.2387084961
1999-08-01,soybean_oil,65205978,160448.7453641891
1999-08-01,soybeans,124679129,720649.5377725363
1999-09-01,soybean_meal,129545475,917439.5173339844
1999-09-01,soybean_oil,38892326,96651.1649980545
1999-09-01,soybeans,112784341,640908.9432163239
1999-10-01,soybean_meal,178072887,1193795.84197998
1999-10-01,soybean_oil,79252979,193358.4636952877
1999-10-01,soybeans,58798504,322330.2936935425
1999-11-01,soybean_meal,111736022,694001.457423307
1999-11-01,soybean_oil,12170959,29967.38897144794
1999-11-01,soybeans,34266290,186162.7956564277
1999-12-01,soybean_meal,152802341,958281.7733383179
1999-12-01,soybean_oil,49148322,128225.1619992256
1999-12-01,soybeans,13869005,80085.8203125
2000-01-01,soybean_meal,69173136,428397.942741394
2000-01-01,soybean_oil,13128993,34896.98502635956
2000-01-01,soybeans,5507660,33611.62051010132
2000-02-01,soybean_meal,95186607,565905.8483200073
2000-02-01,soybean_oil,9713209,25081.64500427246
2000-02-01,soybeans,9698070,50705.828125
2000-03-01,soybean_meal,91882263,526903.0845680237
2000-03-01,soybean_oil,16247964,44885.82607603073
2000-03-01,soybeans,90880800,492574.9175049067
2000-04-01,soybean_meal,123314456,716362.0865440369
2000-04-01,soybean_oil,31149649,87472.9909863472
2000-04-01,soybeans,275894556,1457103.375999451
2000-05-01,soybean_meal,194299643,1132390.383483887
2000-05-01,soybean_oil,40170959,107678.5432744026
2000-05-01,soybeans,303191723,1596053.074985504
2000-06-01,soybean_meal,159880179,904308.8568725586
2000-06-01,soybean_oil,37398027,104527.1757221222
2000-06-01,soybeans,331366912,1715344.965698242
2000-07-01,soybean_meal,171029189,973198.8163243085
2000-07-01,soybean_oil,39870806,117549.0759210587
2000-07-01,soybeans,331849173,1739688.032539368
2000-08-01,soybean_meal,173066685,1000501.719894409
2000-08-01,soybean_oil,55930777,164858.5369880199
2000-08-01,soybeans,361425024,1906998.99597168
2000-09-01,soybean_meal,106820454,601660.0508880615
2000-09-01,soybean_oil,24966770,80542.1329805851
2000-09-01,soybeans,143439685,761186.1053543091
2000-10-01,soybean_meal,157568483,869672.27394104
2000-10-01,soybean_oil,17296401,56735.10699319839
2000-10-01,soybeans,105351981,555225.4602661133
2000-11-01,soybean_meal,160114096,864282.8179473877
2000-11-01,soybean_oil,34120774,117194.3320174217
2000-11-01,soybeans,62305085,328678.9289855957
2000-12-01,soybean_meal,91124957,471850.98777771
2000-12-01,soybean_oil,35438972,119530.375988245
2000-12-01,soybeans,16590185,87952.37041854858
2001-01-01,soybean_meal,174883937,863754.9906768799
2001-01-01,soybean_oil,27442599,93861.42885017395
2001-01-01,soybeans,47970520,244027.7863311768
2001-02-01,soybean_meal,117486532,581845.8637237549
2001-02-01,soybean_oil,12746114,43985.83400535583
2001-02-01,soybeans,19676199,92302.36410522461
2001-03-01,soybean_meal,128361124,661237.5429077148
2001-03-01,soybean_oil,30978653,108669.888127327
2001-03-01,soybeans,135375282,752755.9459228516
2001-04-01,soybean_meal,114092353,642947.4389343262
2001-04-01,soybean_oil,36022803,123565.2419872284
2001-04-01,soybeans,298534594,1761291.874206543
2001-05-01,soybean_meal,196007092,1145988.471218109
2001-05-01,soybean_oil,33557521,113325.074751094
2001-05-01,soybeans,379889895,2317250.155956268
2001-06-01,soybean_meal,184442009,1081999.066986084
2001-06-01,soybean_oil,49623657,178349.4779699594
2001-06-01,soybeans,409351029,2491464.516994476
2001-07-01,soybean_meal,143172228,811982.3665480614
2001-07-01,soybean_oil,35315008,120618.9498918166
2001-07-01,soybeans,329427317,1901855.557201385
2001-08-01,soybean_meal,189296870,1056685.170559693
2001-08-01,soybean_oil,65773631,217008.2500050068
2001-08-01,soybeans,422966841,2369530.145065308
2001-09-01,soybean_meal,170095823,944001.073059082
2001-09-01,soybean_oil,47233687,144802.311006546
2001-09-01,soybeans,256183704,1378582.894256592
2001-10-01,soybean_meal,209811485,1144508.961082146
2001-10-01,soybean_oil,44682029,133565.5731414929
2001-10-01,soybeans,152194953,804132.0460933819
2001-11-01,soybean_meal,174467183,926812.3167610168
2001-11-01,soybean_oil,45769158,137546.633504495
2001-11-01,soybeans,31172738,167686.1881790161
2001-12-01,soybean_meal,136293385,720729.9623794556
2001-12-01,soybean_oil,41186871,125462.0475406647
2001-12-01,soybeans,37713823,206022.3983306885
2002-01-01,soybean_meal,139276312,746703
2002-01-01,soybean_oil,20479593,60917.36959886551
2002-01-01,soybeans,24207749,132352.3765563965
2002-02-01,soybean_meal,79603442,430795.4360237122
2002-02-01,soybean_oil,26063766,73429.03804059327
2002-02-01,soybeans,12072511,69158.0249786377
2002-03-01,soybean_meal,76267393,439704.1885197163
2002-03-01,soybean_oil,23528468,67608.66947340965
2002-03-01,soybeans,100740388,586106.1474609375
2002-04-01,soybean_meal,118165171,696771.5388793945
2002-04-01,soybean_oil,21982165,62944.49283461273
2002-04-01,soybeans,235447009,1388183.309051514
2002-05-01,soybean_meal,107254256,635242.1659317017
2002-05-01,soybean_oil,40643813,115648.2150182724
2002-05-01,soybeans,193455623,1127592.166816711
2002-06-01,soybean_meal,121437660,728321.9623413086
2002-06-01,soybean_oil,32809551,93127.28351783752
2002-06-01,soybeans,195720425,1124850.016353607
2002-07-01,soybean_meal,244188734,1449190.209915161
2002-07-01,soybean_oil,75327577,196525.4679398537
2002-07-01,soybeans,469239057,2558994.406929016
2002-08-01,soybean_meal,193948261,1122665.659824371
2002-08-01,soybean_oil,53960272,142987.5112214088
2002-08-01,soybeans,302024559,1522578.561798096
2002-09-01,soybean_meal,389929380,2238943.516046524
2002-09-01,soybean_oil,202232386,492585.6077976227
2002-09-01,soybeans,747791370,3753008.502716064
2002-10-01,soybean_meal,287104656,1586591.462316513
2002-10-01,soybean_oil,133095695,308639.6067297459
2002-10-01,soybeans,322520455,1546972.253414154
2002-11-01,soybean_meal,187430994,1030645.795948029
2002-11-01,soybean_oil,87119898,187083.5621767044
2002-11-01,soybeans,99035723,470706.6649246216
2002-12-01,soybean_meal,141501263,760656.6567020416
2002-12-01,soybean_oil,23876120,46841.06000725925
2002-12-01,soybeans,114176183,525987.3611564636
2003-01-01,soybean_meal,177432743,964905.0709106922
2003-01-01,soybean_oil,110090711,218786.6009536982
2003-01-01,soybeans,50676231,245773.8878555298
2003-02-01,soybean_meal,113797563,607646.9250850677
2003-02-01,soybean_oil,50521213,103526.7808725238
2003-02-01,soybeans,39023873,181022.4824943542
2003-03-01,soybean_meal,117872423,635904.5634279251
2003-03-01,soybean_oil,59244354,119647.0540866852
2003-03-01,soybeans,240529122,1160234.567871094
2003-04-01,soybean_meal,124997787,695247.5478029251
2003-04-01,soybean_oil,68282221,144791.7799921632
2003-04-01,soybeans,555453352,2720088.740879059
2003-05-01,soybean_meal,220404741,1256541.339503527
2003-05-01,soybean_oil,101351825,222263.0127258301
2003-05-01,soybeans,642092002,3053992.680847168
2003-06-01,soybean_meal,262740732,1431903.288684845
2003-06-01,soybean_oil,94913392,197906.0646955594
2003-06-01,soybeans,484353494,2315029.527567863
2003-07-01,soybean_meal,185651780,996297.4100952148
2003-07-01,soybean_oil,114551332,239693.233710885
2003-07-01,soybeans,382749228,1731308.233703613
2003-08-01,soybean_meal,272509311,1462086.988677979
2003-08-01,soybean_oil,128890548,260454.9396627843
2003-08-01,soybeans,495617319,2266212.7003479
2003-09-01,soybean_meal,286371114,1533071.668115616
2003-09-01,soybean_oil,100218400,210875.525339365
2003-09-01,soybeans,417661887,1940328.3331604
2003-10-01,soybean_meal,264604762,1367260.833750725
2003-10-01,soybean_oil,139162904,286055.1128277779
2003-10-01,soybeans,458636924,1995624.123340607
2003-11-01,soybean_meal,188607332,845955.5689373016
2003-11-01,soybean_oil,87398984,159226.6463909149
2003-11-01,soybeans,120879835,488335.7198486328
2003-12-01,soybean_meal,274102847,1216580.090927124
2003-12-01,soybean_oil,125227433,217773.6622190475
2003-12-01,soybeans,75272259,293166.2700653076
2004-01-01,soybean_meal,215613060,916410.0630011559
2004-01-01,soybean_oil,85924058,146183.7199642211
2004-01-01,soybeans,99169681,342799.4159812927
2004-02-01,soybean_meal,176144986,744849.2354464531
2004-02-01,soybean_oil,96327758,168749.3175039887
2004-02-01,soybeans,102348377,369580.452003479
2004-03-01,soybean_meal,231755513,983780.268511951
2004-03-01,soybean_oil,106469205,171091.195081234
2004-03-01,soybeans,357027095,1235293.122852325
2004-04-01,soybean_meal,175873734,705945.7665435672
2004-04-01,soybean_oil,68306141,109802.3727147207
2004-04-01,soybeans,480649498,1660250.016098022
2004-05-01,soybean_meal,292188310,1136553.795580864
2004-05-01,soybean_oil,87774698,146201.6898665428
2004-05-01,soybeans,629641422,2254144.944961548
2004-06-01,soybean_meal,521774864,2051920.447193861
2004-06-01,soybean_oil,243975672,429519.184325695
2004-06-01,soybeans,998582594,3528558.731014252
2004-07-01,soybean_meal,288585508,1224966.616690159
2004-07-01,soybean_oil,147035191,276593.2675652504
2004-07-01,soybeans,619204969,2159327.213128686
2004-08-01,soybean_meal,227806679,1073720.690589905
2004-08-01,soybean_oil,179902084,342120.4090101421
2004-08-01,soybeans,541316756,1874208.492806435
2004-09-01,soybean_meal,346699767,1690055.225714922
2004-09-01,soybean_oil,124093585,239040.5556455384
2004-09-01,soybeans,598988319,2117079.603002548
2004-10-01,soybean_meal,259068644,1301074.484223366
2004-10-01,soybean_oil,60189581,119772.6279520988
2004-10-01,soybeans,226140854,868937.9342327118
2004-11-01,soybean_meal,190643231,978815.1931056976
2004-11-01,soybean_oil,91732325,183866.0169947147
2004-11-01,soybeans,104528518,443522.1819000244
2004-12-01,soybean_meal,163424583,900268.7873439789
2004-12-01,soybean_oil,80936503,165444.6235591769
2004-12-01,soybeans,79817971,332390.9225149155
2005-01-01,soybean_meal,187001183,1012112.101578832
2005-01-01,soybean_oil,79705124,160181.1034732461
2005-01-01,soybeans,61467410,283357.5968017578
2005-02-01,soybean_meal,168285071,906472.414255619
2005-02-01,soybean_oil,90609141,188588.2346479446
2005-02-01,soybeans,74917269,342595.5717773438
2005-03-01,soybean_meal,201444993,1078196.008590698
2005-03-01,soybean_oil,103084439,218439.9613932967
2005-03-01,soybeans,383155472,1750824.799804688
2005-04-01,soybean_meal,244393690,1262088.360152841
2005-04-01,soybean_oil,67713629,139912.0818935891
2005-04-01,soybeans,611801201,2691078.354715705
2005-05-01,soybean_meal,257522676,1324827.492355347
2005-05-01,soybean_oil,110444869,226109.6600472657
2005-05-01,soybeans,527635325,2297422.119773865
2005-06-01,soybean_meal,279948179,1415722.841888428
2005-06-01,soybean_oil,129833170,275457.759743927
2005-06-01,soybeans,695739146,2951573.799958825
2005-07-01,soybean_meal,277120308,1378113.87525177
2005-07-01,soybean_oil,136681240,297565.9959243052
2005-07-01,soybeans,659801549,2686177.991510078
2005-08-01,soybean_meal,306011301,1461434.558053017
2005-08-01,soybean_oil,116280819,251886.5025494834
2005-08-01,soybeans,686761605,2752432.394569397
2005-09-01,soybean_meal,214003804,1017397.427566528
2005-09-01,soybean_oil,73202239,158148.3302055439
2005-09-01,soybeans,543271447,2203801.440470695
2005-10-01,soybean_meal,224198249,1098771.071340762
2005-10-01,soybean_oil,116220562,251039.8003924899
2005-10-01,soybeans,441201013,1792146.302210987
2005-11-01,soybean_meal,278903415,1354465.467757225
2005-11-01,soybean_oil,114318064,248766.547601223
2005-11-01,soybeans,340663805,1359158.582336426
2005-12-01,soybean_meal,209012458,1018858.286911011
2005-12-01,soybean_oil,114689779,251269.9911200663
2005-12-01,soybeans,233947151,952837.1496658325
2006-01-01,soybean_meal,182727497,858588.6994552612
2006-01-01,soybean_oil,70534166,159698.9886678457
2006-01-01,soybeans,178997738,716147.470375061
2006-02-01,soybean_meal,110494973,535308.1665763855
2006-02-01,soybean_oil,64626080,146634.7052407265
2006-02-01,soybeans,171610923,720499.7280478477
2006-03-01,soybean_meal,214866224,1067820.52805233
2006-03-01,soybean_oil,93553992,200002.6131987125
2006-03-01,soybeans,618745217,2646596.628961563
2006-04-01,soybean_meal,141491493,759694.7148761749
2006-04-01,soybean_oil,70726857,147832.5079042017
2006-04-01,soybeans,650789189,2904520.90880828
2006-05-01,soybean_meal,143303287,774248.404804945
2006-05-01,soybean_oil,61609675,127277.6526880264
2006-05-01,soybeans,695941023,3170606.687872291
2006-06-01,soybean_meal,159371387,846314.561794281
2006-06-01,soybean_oil,90384913,182946.7987413406
2006-06-01,soybeans,510385914,2288992.109198166
2006-07-01,soybean_meal,317095274,1669443.82983017
2006-07-01,soybean_oil,140434738,286034.0468101501
2006-07-01,soybeans,978044623,4376614.139330268
2006-08-01,soybean_meal,298848832,1561040.094157696
2006-08-01,soybean_oil,142438937,277910.1199307442
2006-08-01,soybeans,657746849,2901473.409416199
2006-09-01,soybean_meal,246257531,1306419.327950478
2006-09-01,soybean_oil,92388860,177154.1987704337
2006-09-01,soybeans,449124734,1993138.774440765
2006-10-01,soybean_meal,199568544,1032125.458456039
2006-10-01,soybean_oil,137628836,260682.4010505676
2006-10-01,soybeans,379281798,1681605.007090777
2006-11-01,soybean_meal,192158223,924137.5009098053
2006-11-01,soybean_oil,117239635,213287.7679271698
2006-11-01,soybeans,235974241,998322.9588012695
2006-12-01,soybean_meal,209532563,978994.6216326952
2006-12-01,soybean_oil,141090027,227637.4823976755
2006-12-01,soybeans,116676618,471107.2010917664
2007-01-01,soybean_meal,174022993,801503.8120356798
2007-01-01,soybean_oil,36535489,55765.69778633118
2007-01-01,soybeans,138464515,528506.9333648682
2007-02-01,soybean_meal,142080021,642122.7356859446
2007-02-01,soybean_oil,51644683,79988.67727458477
2007-02-01,soybeans,206561696,774834.1600112915
2007-03-01,soybean_meal,228724433,992401.1935787201
2007-03-01,soybean_oil,120880597,194281.0267348289
2007-03-01,soybeans,561777651,2054187.580503464
2007-04-01,soybean_meal,236923642,1057815.4935112
2007-04-01,soybean_oil,122275888,195449.7476029396
2007-04-01,soybeans,844895958,3165241.403517962
2007-05-01,soybean_meal,293235062,1387389.282758951
2007-05-01,soybean_oil,176307881,273349.0625481606
2007-05-01,soybeans,825729511,3152426.434669495
2007-06-01,soybean_meal,256506938,1194882.73021698
2007-06-01,soybean_oil,157731851,226339.0502080619
2007-06-01,soybeans,817432365,3074275.639282227
2007-07-01,soybean_meal,271240552,1226285.304071426
2007-07-01,soybean_oil,193999364,269474.5760812759
2007-07-01,soybeans,859556936,3093335.416027069
2007-08-01,soybean_meal,321663525,1379499.864925385
2007-08-01,soybean_oil,196111509,254278.7119654417
2007-08-01,soybeans,763424128,2673948.169079605
2007-09-01,soybean_meal,260415495,1095056.653554916
2007-09-01,soybean_oil,162945559,205394.3158166409
2007-09-01,soybeans,543682814,1816717.949440002
2007-10-01,soybean_meal,320629786,1192556.964080811
2007-10-01,soybean_oil,232630254,280816.4557790756
2007-10-01,soybeans,664039725,2024512.228507996
2007-11-01,soybean_meal,173001410,585362.9453125
2007-11-01,soybean_oil,170297350,200069.9614810944
2007-11-01,soybeans,267366372,787668.1150512695
2007-12-01,soybean_meal,278572706,919305.2641525269
2007-12-01,soybean_oil,97388720,106070.3053244352
2007-12-01,soybeans,190488327,519084.9645786285
2008-01-01,soybean_meal,219546782,670557.9094047546
2008-01-01,soybean_oil,232904209,233984.9508015513
2008-01-01,soybeans,250720594,599607.2077169418
2008-02-01,soybean_meal,227409709,654131.4259490967
2008-02-01,soybean_oil,146571210,135511.3147153854
2008-02-01,soybeans,186175798,425132.1386777088
2008-03-01,soybean_meal,270069238,766297.7146911621
2008-03-01,soybean_oil,140685920,113187.2951077819
2008-03-01,soybeans,561759980,1403944.702484131
2008-04-01,soybean_meal,284271754,819104.4425506592
2008-04-01,soybean_oil,176993076,141075.178497511
2008-04-01,soybeans,1397622773,3346499.938077927
2008-05-01,soybean_meal,612681880,1744234.759147644
2008-05-01,soybean_oil,274247691,219090.4301230907
2008-05-01,soybeans,1860237663,4442070.239220047
2008-06-01,soybean_meal,446556349,1245544.556779861
2008-06-01,soybean_oil,234550181,181745.339767158
2008-06-01,soybeans,1506026816,3544440.921378493
2008-07-01,soybean_meal,536464955,1386136.609313965
2008-07-01,soybean_oil,391366351,316211.1470498815
2008-07-01,soybeans,1901275510,3981781.512353897
2008-08-01,soybean_meal,362675368,953820.6902084351
2008-08-01,soybean_oil,263473168,211747.1735956995
2008-08-01,soybeans,1219805263,2358357.236579288
2008-09-01,soybean_meal,412772043,1091998.149402142
2008-09-01,soybean_oil,308213072,247642.4248161465
2008-09-01,soybeans,900387877,1862074.417038549
2008-10-01,soybean_meal,392894056,1123832.396465063
2008-10-01,soybean_oil,249702262,220531.3987894672
2008-10-01,soybeans,524600119,1061519.002996804
2008-11-01,soybean_meal,351719385,1041127.404330447
2008-11-01,soybean_oil,136767485,152832.7467572689
2008-11-01,soybeans,311200401,723592.0379028879
2008-12-01,soybean_meal,243963398,782809.0374107361
2008-12-01,soybean_oil,113655327,141111.9050399065
2008-12-01,soybeans,332309772,750385.329870224
2009-01-01,soybean_meal,299495021,936997.0481567383
2009-01-01,soybean_oil,85951938,114920.0568577368
2009-01-01,soybeans,252959462,614533.770904541
2009-02-01,soybean_meal,187684307,567048.242477417
2009-02-01,soybean_oil,43264787,54358.79588856082
2009-02-01,soybeans,264403833,689458.7925575897
2009-03-01,soybean_meal,275470905,840236.581703186
2009-03-01,soybean_oil,121208685,170697.1298989058
2009-03-01,soybeans,973431493,2642917.24130447
2009-04-01,soybean_meal,417996766,1295611.615903854
2009-04-01,soybean_oil,125927475,178429.4023066059
2009-04-01,soybeans,1541845322,4492842.135315832
2009-05-01,soybean_meal,492072638,1431155.362072065
2009-05-01,soybean_oil,103229542,133577.290437148
2009-05-01,soybeans,1722970832,4677650.448399112
2009-06-01,soybean_meal,537489543,1383453.511648566
2009-06-01,soybean_oil,141500974,179137.8006283641
2009-06-01,soybeans,2576871968,6174353.007995605
2009-07-01,soybean_meal,545802752,1326955.675832748
2009-07-01,soybean_oil,190258621,239642.3368201256
2009-07-01,soybeans,1467994595,3347247.720940148
2009-08-01,soybean_meal,451727966,1113103.865074158
2009-08-01,soybean_oil,171403620,210577.334239006
2009-08-01,soybeans,1306234492,2979620.763467787
2009-09-01,soybean_meal,452347344,1091793.500602722
2009-09-01,soybean_oil,83641985,108032.0715284701
2009-09-01,soybeans,817739522,1830429.98312591
2009-10-01,soybean_meal,352481515,843596.9642276764
2009-10-01,soybean_oil,106233850,132580.1964288726
2009-10-01,soybeans,315674629,722695.244994048
2009-11-01,soybean_meal,304758549,745011.4086914063
2009-11-01,soybean_oil,40471569,48956.31245171628
2009-11-01,soybeans,84126894,185808.3962849677
2009-12-01,soybean_meal,274069813,674826.3059329987
2009-12-01,soybean_oil,14663388,16837.25990001857
2009-12-01,soybeans,99044445,203144.8871536255
2010-01-01,soybean_meal,254616642,633995.5743408203
2010-01-01,soybean_oil,16042571,17855.9730216302
2010-01-01,soybeans,45344090,93039.82716178894
2010-02-01,soybean_meal,260824027,697732.2817420959
2010-02-01,soybean_oil,55938723,67597.45015728474
2010-02-01,soybeans,265511705,663770.9493110329
2010-03-01,soybean_meal,402979801,1148046.034593582
2010-03-01,soybean_oil,53369410,65033.12975526601
2010-03-01,soybeans,1164529634,3085119.903756626
2010-04-01,soybean_meal,347225298,1121861.529205322
2010-04-01,soybean_oil,104994014,125645.9734496842
2010-04-01,soybeans,1790568517,4894674.990357388
2010-05-01,soybean_meal,455392300,1496343.700019836
2010-05-01,soybean_oil,110157215,132920.6752119306
2010-05-01,soybeans,2089590161,5696187.549229894
2010-06-01,soybean_meal,440730473,1418137.888917923
2010-06-01,soybean_oil,204742488,250186.5748279765
2010-06-01,soybeans,1488413695,4039679.888895258
2010-07-01,soybean_meal,463228960,1482563.778039185
2010-07-01,soybean_oil,225924268,275608.8342912495
2010-07-01,soybeans,1495975867,3999165.188580448
2010-08-01,soybean_meal,344753083,1036609.744865417
2010-08-01,soybean_oil,159805197,186806.7837953605
2010-08-01,soybeans,1155819865,2966414.850597024
2010-09-01,soybean_meal,514843556,1467079.363315582
2010-09-01,soybean_oil,106501300,124757.1257926375
2010-09-01,soybeans,823948371,2008330.591235764
2010-10-01,soybean_meal,457918382,1225254.595784664
2010-10-01,soybean_oil,97204495,107904.857560318
2010-10-01,soybeans,430477795,1013190.033196449
2010-11-01,soybean_meal,417684906,1056715.981395721
2010-11-01,soybean_oil,128335612,128283.4025466908
2010-11-01,soybeans,139524491,301252.4908967614
2010-12-01,soybean_meal,358335812,881758.6787109375
2010-12-01,soybean_oil,84635760,77167.4328994751
2010-12-01,soybeans,145958147,292605.1350678205
2011-01-01,soybean_meal,388551304,954908.5286216736
2011-01-01,soybean_oil,102362512,85981.31397271156
2011-01-01,soybeans,107134951,208095.9530268274
2011-02-01,soybean_meal,244239363,574133.035774231
2011-02-01,soybean_oil,161653827,131193.1688000858
2011-02-01,soybeans,111011996,224881.02663479
2011-03-01,soybean_meal,477699270,1139295.990268707
2011-03-01,soybean_oil,186052377,155781.9682877511
2011-03-01,soybeans,1383486048,2733616.454071105
2011-04-01,soybean_meal,525578301,1231647.660005569
2011-04-01,soybean_oil,99553761,78506.41553893313
2011-04-01,soybeans,2417293269,5089786.279413223
2011-05-01,soybean_meal,608816217,1542188.492694855
2011-05-01,soybean_oil,209722263,173104.6621887609
2011-05-01,soybeans,2558511249,5305717.186132431
2011-06-01,soybean_meal,652054524,1684329.274012482
2011-06-01,soybean_oil,238205695,189817.2230302766
2011-06-01,soybeans,2231987326,4553503.078387827
2011-07-01,soybean_meal,462301353,1179449.429782867
2011-07-01,soybean_oil,244219938,198192.1642484218
2011-07-01,soybeans,1841148599,3738040.529220581
2011-08-01,soybean_meal,464600856,1204360.650605679
2011-08-01,soybean_oil,181833706,145686.4919810777
2011-08-01,soybeans,1898836203,3681740.768864498
2011-09-01,soybean_meal,513601152,1265207.823085785
2011-09-01,soybean_oil,242921600,191571.113489151
2011-09-01,soybeans,1458146146,2798345.868365288
2011-10-01,soybean_meal,545392419,1380406.217906952
2011-10-01,soybean_oil,112481969,89360.89808011055
2011-10-01,soybeans,739963658,1413186.052992323
2011-11-01,soybean_meal,445859402,1200129.296388626
2011-11-01,soybean_oil,212479304,186406.3542208597
2011-11-01,soybeans,878197383,1758847.231890587
2011-12-01,soybean_meal,360719783,978813.4884147644
2011-12-01,soybean_oil,130492822,110891.3693366349
2011-12-01,soybeans,696235790,1469779.408489216
2012-01-01,soybean_meal,378495830,1051722.100390911
2012-01-01,soybean_oil,112709795,103218.9672390744
2012-01-01,soybeans,461791913,1011707.979469299
2012-02-01,soybean_meal,357425252,996816.7612876892
2012-02-01,soybean_oil,113894709,101639.8771486878
2012-02-01,soybeans,715515063,1568331.085859299
2012-03-01,soybean_meal,399319215,1052127.161874831
2012-03-01,soybean_oil,225182465,195072.2502968907
2012-03-01,soybeans,2062711601,4236918.742750927
2012-04-01,soybean_meal,469095073,1143918.277677059
2012-04-01,soybean_oil,170296183,143281.8950964491
2012-04-01,soybeans,2261503830,4430830.109674156
2012-05-01,soybean_meal,671051181,1605027.406608582
2012-05-01,soybean_oil,380230057,315363.0787364841
2012-05-01,soybeans,3837798769,7268744.270205772
2012-06-01,soybean_meal,534859355,1234637.994225502
2012-06-01,soybean_oil,181271078,151769.0608451962
2012-06-01,soybeans,2591102352,4839663.928245395
2012-07-01,soybean_meal,703819743,1539521.879631042
2012-07-01,soybean_oil,191475021,164946.1213022918
2012-07-01,soybeans,2246274707,4122899.735241239
2012-08-01,soybean_meal,691379330,1355393.838371277
2012-08-01,soybean_oil,223797632,191011.1839578599
2012-08-01,soybeans,1426016258,2430615.755647352
2012-09-01,soybean_meal,606706610,1138738.0521698
2012-09-01,soybean_oil,151614705,128093.2233707607
2012-09-01,soybeans,1009436666,1681215.966151351
2012-10-01,soybean_meal,732563663,1377593.409229636
2012-10-01,soybean_oil,157700708,131294.8517272174
2012-10-01,soybeans,573738630,906884.0676293089
2012-11-01,soybean_meal,590356687,969924.1583442688
2012-11-01,soybean_oil,92253626,74595.93187303282
2012-11-01,soybeans,166140844,258967.1241610739
2012-12-01,soybean_meal,460385505,823620.8308105469
2012-12-01,soybean_oil,66141615,53536.88260544837
2012-12-01,soybeans,90022497,135027.9577131411
2013-01-01,soybean_meal,333093826,616537.458240509
2013-01-01,soybean_oil,39306531,33865.93523463607
2013-01-01,soybeans,257122,284.0160035546869
2013-02-01,soybean_meal,355003354,669674.5035133362
2013-02-01,soybean_oil,39480857,32844.74983208627
2013-02-01,soybeans,516592214,959633.4096676335
2013-03-01,soybean_meal,309701668,616892.2857341766
2013-03-01,soybean_oil,154672781,136661.2249518773
2013-03-01,soybeans,1910234391,3535788.199535677
2013-04-01,soybean_meal,604019316,1256481.246602178
2013-04-01,soybean_oil,125026484,117299.7691237628
2013-04-01,soybeans,3797342586,7154619.366836816
2013-05-01,soybean_meal,650203090,1380915.611369509
2013-05-01,soybean_oil,141431003,133849.0449384451
2013-05-01,soybeans,4152649753,7951538.970405927
2013-06-01,soybean_meal,618275720,1266447.311818838
2013-06-01,soybean_oil,128961173,124467.6403992176
2013-06-01,soybeans,3436765490,6497175.544765234
2013-07-01,soybean_meal,769785674,1601467.879039764
2013-07-01,soybean_oil,121145200,120938.2672284245
2013-07-01,soybeans,3059711867,5658283.42721704
2013-08-01,soybean_meal,619405869,1253309.703186035
2013-08-01,soybean_oil,107276922,108802.5953318477
2013-08-01,soybeans,2894100671,5375717.491797215
2013-09-01,soybean_meal,727092721,1408720.905419556
2013-09-01,soybean_oil,164258775,180749.0386568308
2013-09-01,soybeans,1851415204,3469039.220078433
2013-10-01,soybean_meal,578549870,1086048.445041656
2013-10-01,soybean_oil,166127212,181694.2122601271
2013-10-01,soybeans,819712043,1503687.467247269
2013-11-01,soybean_meal,716607962,1265037.188079834
2013-11-01,soybean_oil,91251755,96376.21751482587
2013-11-01,soybeans,349309289,647862.77308622
2013-12-01,soybean_meal,505528910,912012.4013566971
2013-12-01,soybean_oil,83740562,92007.20722040534
2013-12-01,soybeans,23416589,41444.36514235265
2014-01-01,soybean_meal,495242391,901667.5720367432
2014-01-01,soybean_oil,72098649,77228.4150647521
2014-01-01,soybeans,17809847,30606.31428265572
2014-02-01,soybean_meal,269926723,506609.5901603699
2014-02-01,soybean_oil,34643758,40247.86885892227
2014-02-01,soybeans,1385781146,2789537.187855316
2014-03-01,soybean_meal,362623656,727041.3495635986
2014-03-01,soybean_oil,113435487,127584.5362381041
2014-03-01,soybeans,3146413558,6226713.295643402
2014-04-01,soybean_meal,709273736,1330400.33836174
2014-04-01,soybean_oil,109923641,124035.2039631456
2014-04-01,soybeans,4133621975,8248785.300886278
2014-05-01,soybean_meal,743579784,1420161.436612854
2014-05-01,soybean_oil,112171158,121422.2491351068
2014-05-01,soybeans,3866208695,7609782.442355319
2014-06-01,soybean_meal,918203165,1681355.4753685
2014-06-01,soybean_oil,134127870,152145.9085178748
2014-06-01,soybeans,3571995210,6893161.853537514
2014-07-01,soybean_meal,657237293,1253038.786446406
2014-07-01,soybean_oil,130846863,145687.8144052625
2014-07-01,soybeans,3151183394,6043522.619468976
2014-08-01,soybean_meal,846998233,1636279.186794663
2014-08-01,soybean_oil,128951168,147005.2320978045
2014-08-01,soybeans,2135354923,4119263.273075931
2014-09-01,soybean_meal,586122209,1228442.046390533
2014-09-01,soybean_oil,59342927,70170.62434135377
2014-09-01,soybeans,1347500294,2669832.537720181
2014-10-01,soybean_meal,532712062,1180894.086524963
2014-10-01,soybean_oil,88094040,115937.5529734567
2014-10-01,soybeans,363993310,740838.515802376
2014-11-01,soybean_meal,470490926,981369.7494784594
2014-11-01,soybean_oil,79787395,103007.1628362257
2014-11-01,soybeans,81601150,176556.4641236714
2014-12-01,soybean_meal,408169666,869062.9505721331
2014-12-01,soybean_oil,64655288,79127.76939123869
2014-12-01,soybeans,73572924,138580.6309207976
2015-01-01,soybean_meal,407494344,906058.3336696625
2015-01-01,soybean_oil,79195084,98299.62730813026
2015-01-01,soybeans,35102725,85335.61604716629
2015-02-01,soybean_meal,300534275,685506.3409404755
2015-02-01,soybean_oil,79119633,104057.2397475392
2015-02-01,soybeans,346160419,868658.8899740279
2015-03-01,soybean_meal,545184032,1335491.798988342
2015-03-01,soybean_oil,49776465,67277.81940507889
2015-03-01,soybeans,2211790279,5592087.371860266
2015-04-01,soybean_meal,468725277,1197636.092002869
2015-04-01,soybean_oil,92627244,132484.5658448935
2015-04-01,soybeans,2527300192,6532708.254263997
2015-05-01,soybean_meal,633014436,1588950.928092957
2015-05-01,soybean_oil,91850983,132542.6122466102
2015-05-01,soybeans,3611778383,9338527.275584579
2015-06-01,soybean_meal,620167860,1622768.465899944
2015-06-01,soybean_oil,102488652,143805.6036973054
2015-06-01,soybeans,3762210842,9810092.201107102
2015-07-01,soybean_meal,638928661,1709439.869079972
2015-07-01,soybean_oil,70177091,98509.33655780554
2015-07-01,soybeans,3224052598,8440388.131620139
2015-08-01,soybean_meal,429736955,1109455.210969925
2015-08-01,soybean_oil,180576676,268371.1858413517
2015-08-01,soybeans,2004886432,5161857.032059815
2015-09-01,soybean_meal,427056944,1103264.710351944
2015-09-01,soybean_oil,111051035,166756.5231247246
2015-09-01,soybeans,1429975247,3705390.775931211
2015-10-01,soybean_meal,527728651,1398753.246984482
2015-10-01,soybean_oil,108108502,165509.2965666652
2015-10-01,soybeans,989567116,2594061.486938363
2015-11-01,soybean_meal,435840365,1126563.896440102
2015-11-01,soybean_oil,73664627,116826.6319754645
2015-11-01,soybeans,551127664,1442936.442662391
2015-12-01,soybean_meal,386597279,1042707.486983299
2015-12-01,soybean_oil,115338933,175433.7419801876
2015-12-01,soybeans,281720842,731439.8977931235
2016-01-01,soybean_meal,420830129,1184919.384807587
2016-01-01,soybean_oil,52664912,77942.93300426472
2016-01-01,soybeans,147635092,394431.6034299731
2016-02-01,soybean_meal,281041511,838195.0639133453
2016-02-01,soybean_oil,38282658,54250.96377658099
2016-02-01,soybeans,715347987,2036818.346253395
2016-03-01,soybean_meal,470635938,1496666.536569908
2016-03-01,soybean_oil,79216825,116715.7919508666
2016-03-01,soybeans,2924902326,8374549.301450729
2016-04-01,soybean_meal,452202035,1431199.306063294
2016-04-01,soybean_oil,59723772,87369.78910163045
2016-04-01,soybeans,3532197485,10085381.08893967
2016-05-01,soybean_meal,661861216,1928873.537639618
2016-05-01,soybean_oil,128758205,183341.9143879861
2016-05-01,soybeans,3599734452,9913620.124668121
2016-06-01,soybean_meal,568489579,1565471.166150359
2016-06-01,soybean_oil,122546880,172209.3626760244
2016-06-01,soybeans,2969548945,7755861.861559987
2016-07-01,soybean_meal,557480612,1385793.314014435
2016-07-01,soybean_oil,61063082,81934.29589931667
2016-07-01,soybeans,2424232316,5786288.090583801
2016-08-01,soybean_meal,462003765,1092957.301833345
2016-08-01,soybean_oil,117507361,170861.8955035107
2016-08-01,soybeans,1590492888,3816070.549768046
2016-09-01,soybean_meal,366699659,915316.5747642517
2016-09-01,soybean_oil,108262123,147231.2378017157
2016-09-01,soybeans,606519905,1443401.674665451
2016-10-01,soybean_meal,277461676,724670.7520245314
2016-10-01,soybean_oil,11853248,13544.30835257936
2016-10-01,soybeans,413785766,998191.5375768989
2016-11-01,soybean_meal,302070247,867679.3052371107
2016-11-01,soybean_oil,58472629,74150.42603461444
2016-11-01,soybeans,130913191,316094.3009466118
2016-12-01,soybean_meal,372004358,1012049.270865604
2016-12-01,soybean_oil,59166636,73989.38376031071
2016-12-01,soybeans,273121796,653098.3979937597
2017-01-01,soybean_meal,535662457,1391625.265599251
2017-01-01,soybean_oil,60550352,74132.78317588568
2017-01-01,soybeans,364832837,911826.9406119883
2017-02-01,soybean_meal,240436720,711083.8055973053
2017-02-01,soybean_oil,64475252,79146.928596735
2017-02-01,soybeans,1404183305,3509447.295365479
2017-03-01,soybean_meal,434204381,1158314.682789624
2017-03-01,soybean_oil,89647296,115069.0998235862
2017-03-01,soybeans,3522912083,8950550.218993336
2017-04-01,soybean_meal,470113661,1328481.648136139
2017-04-01,soybean_oil,134100923,181338.5117682815
2017-04-01,soybeans,3937128179,10402429.45283198
2017-05-01,soybean_meal,568282743,1629517.834695816
2017-05-01,soybean_oil,89792207,119946.8296647519
2017-05-01,soybeans,4041989755,10901536.36534952
2017-06-01,soybean_meal,472624283,1391020.487672806
2017-06-01,soybean_oil,132155730,178899.7242798507
2017-06-01,soybeans,3342560617,9165862.529216275
2017-07-01,soybean_meal,402700259,1156016.904940605
2017-07-01,soybean_oil,114813723,150898.7394607067
2017-07-01,soybeans,2534393319,6954980.439022064
2017-08-01,soybean_meal,426044980,1226527.22146225
2017-08-01,soybean_oil,115170257,154493.2753958702
2017-08-01,soybeans,2236097286,5952411.29147169
2017-09-01,soybean_meal,389053705,1163268.959720612
2017-09-01,soybean_oil,22937669,25047.35398545861
2017-09-01,soybeans,1610496251,4272462.883189559
2017-10-01,soybean_meal,423416152,1275508.470657349
2017-10-01,soybean_oil,100826893,127573.7756792381
2017-10-01,soybeans,939520529,2486938.160891216
2017-11-01,soybean_meal,374573268,1071321.161962986
2017-11-01,soybean_oil,66740716,84874.87557716994
2017-11-01,soybeans,815375845,2142729.385175705
2017-12-01,soybean_meal,236110837,674057.2897863388
2017-12-01,soybean_oil,39731081,50943.49505930021
2017-12-01,soybeans,913311903,2355417.956993155
2018-01-01,soybean_meal,395308222,1127834.088385016
2018-01-01,soybean_oil,42213929,54203.0950587932
2018-01-01,soybeans,594242293,1563569.023249883
2018-02-01,soybean_meal,481510506,1354674.912599087
2018-02-01,soybean_oil,99827820,131028.5134530719
2018-02-01,soybeans,1092875858,2863252.695486884
2018-03-01,soybean_meal,507089796,1323290.75716877
2018-03-01,soybean_oil,84487302,110829.4729535282
2018-03-01,soybeans,3432762703,8808907.680095701
2018-04-01,soybean_meal,614207329,1552532.503784031
2018-04-01,soybean_oil,129154821,171209.7343716267
2018-04-01,soybeans,4112131223,10257469.37232445
2018-05-01,soybean_meal,709929403,1652901.130622864
2018-05-01,soybean_oil,96900965,129544.9158890841
2018-05-01,soybeans,4986940615,12325914.09536074
2018-06-01,soybean_meal,630043965,1559638.237119675
2018-06-01,soybean_oil,93834896,129293.8589206169
2018-06-01,soybeans,4191526266,10401504.60837173
2018-07-01,soybean_meal,724681618,1729539.241718505
2018-07-01,soybean_oil,151100532,215293.7441924736
2018-07-01,soybeans,4078527872,10197082.36162375
2018-08-01,soybean_meal,619148616,1455207.646759987
2018-08-01,soybean_oil,148042747,214870.4095787196
2018-08-01,soybeans,3198604667,8090583.343447646
2018-09-01,soybean_meal,495828481,1254141.53099972
2018-09-01,soybean_oil,62181765,91273.45746670442
2018-09-01,soybeans,1760329749,4421858.459173337
2018-10-01,soybean_meal,437843095,1122743.941116333
2018-10-01,soybean_oil,64284778,92528.37409958406
2018-10-01,soybeans,1932022528,4920493.147466904
2018-11-01,soybean_meal,441215163,1047385.602510622
2018-11-01,soybean_oil,21015646,29072.37610299885
2018-11-01,soybeans,1784593978,4527320.565697165
2018-12-01,soybean_meal,567230170,1490086.253836676
2018-12-01,soybean_oil,32186706,45208.16104176501
2018-12-01,soybeans,1455299155,3769480.209069422
2019-01-01,soybean_meal,471693424,1236373.723937988
2019-01-01,soybean_oil,32201986,48803.7033545021
2019-01-01,soybeans,740006941,1956960.023582643
2019-02-01,soybean_meal,314022118,899407.0296611786
2019-02-01,soybean_oil,27183720,40594.12441835983
2019-02-01,soybeans,1871100056,5258178.257210741
2019-03-01,soybean_meal,521872279,1409536.074159622
2019-03-01,soybean_oil,56431779,82673.62473229819
2019-03-01,soybeans,2942617676,8238685.671993954
2019-04-01,soybean_meal,500723473,1431331.066228897
2019-04-01,soybean_oil,47914164,71353.67150628148
2019-04-01,soybeans,3145226341,8955442.019372992
2019-05-01,soybean_meal,566783622,1593900.532229841
2019-05-01,soybean_oil,133640010,207874.8905496878
2019-05-01,soybeans,3252857237,9557942.476467725
2019-06-01,soybean_meal,543804835,1606343.317087594
2019-06-01,soybean_oil,90364363,140807.2285316314
2019-06-01,soybeans,2728051714,8099322.740529684
2019-07-01,soybean_meal,527975302,1472121.772586823
2019-07-01,soybean_oil,82389663,129130.9984418771
2019-07-01,soybeans,2475702491,7105670.390818946
2019-08-01,soybean_meal,471881167,1348541.098119
2019-08-01,soybean_oil,71356388,109032.0718905868
2019-08-01,soybeans,1628516111,4631223.400562026
2019-09-01,soybean_meal,444065384,1350036.655014162
2019-09-01,soybean_oil,53719755,77756.2712524879
2019-09-01,soybeans,1562372428,4405770.183420498
2019-10-01,soybean_meal,476875165,1393293.274686754
2019-10-01,soybean_oil,45519774,63850.51408909704
2019-10-01,soybeans,1704494310,4735819.066398205
2019-11-01,soybean_meal,413252025,1171476.059545517
2019-11-01,soybean_oil,17694618,21891.98603572114
2019-11-01,soybeans,1625916800,4448635.314770372
2019-12-01,soybean_meal,543725029,1618020.173813552
2019-12-01,soybean_oil,29863391,37520.53655626741
2019-12-01,soybeans,1061904048,2906495.308276703
