countrycode,year,rgdpe,rgdpo,pop,emp,avh,hc,cgdpe,cgdpo,ck,ctfp,rgdpna,rkna,rtfpna,labsh,xr,pl_gdpe,pl_gdpo,i_cig,i_xm,i_xr,i_outlier,csh_c,csh_i,csh_g,csh_x,csh_m,csh_r,pl_c,pl_i,pl_g,pl_x,pl_m,pl_k,id
CAN,1950,135857.11,160678.98,13.99007888638686,5.0223379,2079.96,2.4592862,136245.03,139122.63,296646.88,1.0238979,150703.7067253114,224613.98,.84333479,.67208862,1.092548529622273,.13012151,.12743011,Extrapolated,Extrapolated,Market,Regular,.66137922,.22584091,.086272083,.23220204,-.19876982,-.0069244951,.1247030364740769,.1354209238221001,.1577880223186532,.094668157,.10233915,.15538296,CAN
CAN,1951,140927.78,166645.8,14.30884557935462,5.0631895,2070.24,2.4769177,142444.83,143928.77,318310.13,.99740565,157290.1847556689,237758.86,.85512298,.67208862,1.05646459160819,.14989795,.14835247,Extrapolated,Extrapolated,Market,Regular,.64072168,.23439001,.11275765,.26488054,-.24975282,-.0029970817,.1428314903022334,.1565131206407295,.1763006088160604,.10108132,.10433104,.18316585,CAN
CAN,1952,154104.11,181075.58,14.76306163223829,5.147995,2060.57,2.4946756,156798.63,158024.61,337839.78,1.0440351,170464.9369990687,250586.67,.89648926,.67208862,.9816899063452106,.16558482,.16430019,Extrapolated,Extrapolated,Market,Regular,.62909228,.21926005,.12502488,.2565124,-.22384924,-.0060403929,.1559493627821394,.1731550194869997,.2007917896097381,.11200266,.10995769,.20396534,CAN
CAN,1953,161854.58,189835.97,15.16024669099212,5.2085352,2050.94,2.5125608,164735.11,166396.63,359021.94,1.0422632,178861.7194263313,266137.66,.91065824,.67208862,.9857994679391916,.16450624,.16286361,Extrapolated,Extrapolated,Market,Regular,.64044052,.23677613,.1229936,.22949301,-.21488146,-.014821803,.1543820649620452,.1714350925388122,.203885077297296,.11400997,.118334,.19935018,CAN
CAN,1954,160895.91,189607.52,15.61242684981383,5.2836013,2041.36,2.5305743,163104.27,165211.39,370373.16,1.0137038,176854.6556037772,277778.13,.8751778,.67208862,.9760768771362996,.16861777,.16646719,Extrapolated,Extrapolated,Market,Regular,.66676712,.20497696,.11928946,.22023205,-.20160876,-.0096568763,.1580584355780891,.1766523318918432,.2138331139001214,.1154763,.1213375,.20534335,CAN
CAN,1955,176321.41,206413.05,16.02590704887718,5.3411193,2031.82,2.5487168,177880.2,177984.33,389718.75,1.0248109,193193.8481763915,293475.19,.92768222,.67208862,.9889066581852389,.16829737,.16819891,Extrapolated,Extrapolated,Market,Regular,.66779572,.22819777,.11430047,.21445712,-.21271908,-.012032023,.1570483859091159,.1774609003576422,.2157243494036771,.12165711,.12174445,.20563252,CAN
CAN,1956,191497.08,223264.59,16.42003676882297,5.3880348,2022.33,2.5665021,192800.19,192239.31,429660.06,1.0796182,211082.1708929463,315060.5,.97986901,.67208862,.9868017796824781,.1750547,.17556544,Extrapolated,Extrapolated,Market,Regular,.65986925,.26731455,.10950276,.2112404,-.22653615,-.021390842,.1612137030866074,.1870719467561685,.2291250146320768,.12711856,.1280524,.21344699,CAN
CAN,1957,195051.8,229248.19,16.9842430218424,5.4858308,2012.88,2.5806901,196456.19,196825.63,457069.34,1.0628281,216448.6692563461,334583.44,.96972811,.67208862,.9616430754330081,.18462843,.18428189,Extrapolated,Extrapolated,Market,Regular,.66527539,.25423077,.1062449,.20500666,-.21415113,-.01660662,.171495374891263,.1939683238029023,.2445146598379171,.13164221,.13554989,.22241926,CAN
CAN,1958,198639.36,234513.95,17.43540473439477,5.5418921,2003.47,2.5949566,200515.7,202724.2,470780.25,1.0744224,220026.3399933905,351327,.95992839,.67208862,.9736712931896234,.18494603,.18293121,Extrapolated,Extrapolated,Market,Regular,.67077237,.23161444,.10707629,.19032493,-.18235251,-.017435528,.1733434455143246,.1899122492222103,.2468874350002777,.13407169,.14308923,.2220203,CAN
CAN,1959,207770.7,243196.77,17.844810149904,5.5802555,1994.11,2.6093023,209256.28,211057.59,493014.53,1.0495178,228970.4936095012,369729.28,.97420496,.67208862,.9621444101185923,.19028999,.18866593,Extrapolated,Extrapolated,Market,Regular,.67805475,.23961869,.1017196,.18895331,-.188481,-.019865362,.1780413108404788,.1958312331818164,.2588852133707339,.13842252,.14708027,.23002309,CAN
CAN,1960,214454.22,252169.53,18.2389398698498,6.0747323,1984.79,2.6237268,215805.45,215650.14,495145.63,1.0060484,236125.8195992564,387114.28,.93127865,.67208862,.9723681567931275,.1900323,.19016914,Extrapolated,Extrapolated,Market,Regular,.69032341,.22879888,.10118905,.18794075,-.19095492,-.017297089,.1770171822254809,.1950720648755469,.2674274477105489,.14161314,.14164832,.2352744,CAN
CAN,1961,222059.5,261577.97,18.60659098526937,6.1665921,2093.76,2.6346548,223203.41,223691.41,508949.72,1.0115681,242808.6256682511,408699.53,.9287079,.67208862,1.01576725391937,.18228433,.18188664,Extrapolated,Extrapolated,Market,Regular,.67623675,.21535084,.11459742,.18571106,-.17864418,-.013251861,.1696860887366285,.1833577208131005,.2546091202348785,.14342232,.14414054,.21872181,CAN
CAN,1962,235934.34,278262.06,18.95692851411007,6.3413258,2094.88,2.645628,237055.73,238136.55,527787.94,1.0086209,259515.633098571,428173.78,.95671076,.67208862,1.071615616028357,.17648308,.1756821,Extrapolated,Extrapolated,Market,Regular,.66518289,.2186015,.11374133,.17490047,-.16324763,-.009178563,.1637509323776682,.1791338581391915,.2458487231111094,.14748448,.15036611,.21321055,CAN
CAN,1963,247613.3,292670.59,19.31337672056685,6.488102,2077.8,2.656647,248412.39,251740.47,547899.13,1.0177842,272881.2452365604,448399.28,.97302902,.67208862,1.081382671897881,.17913327,.17676507,Extrapolated,Extrapolated,Market,Regular,.65476561,.21568325,.11114315,.18050715,-.15857343,-.0035256746,.1659813128880071,.1820830267294744,.2508896146557361,.14253759,.15246274,.21894181,CAN
CAN,1964,264887.78,313296.13,19.68102783598642,6.7177515,2068.66,2.667712,265201.38,268915.31,573492.75,1.0210887,290702.0717434352,471621.88,.9932155,.67208862,1.081482926914068,.18379617,.18125781,Extrapolated,Extrapolated,Market,Regular,.64463639,.22268252,.10979597,.19464727,-.16548236,-.0062798215,.1690685095940986,.1891845409898686,.2593371723213846,.14674462,.15565012,.22873692,CAN
CAN,1965,282778.47,332209.97,20.0405303827745,6.9633765,2052.09,2.6788228,282852.94,284358.38,612619.81,1.0067784,309636.6863581978,500526.97,1.0099076,.67208862,1.080856243655927,.19008557,.18907923,Extrapolated,Extrapolated,Market,Regular,.6454742,.24295309,.10995258,.18199557,-.17442738,-.0059480583,.1729377995602364,.200008681021519,.2688249691338569,.15665363,.16100678,.23807847,CAN
CAN,1966,301328.59,353716.19,20.41734751461817,7.3368073,2036.84,2.6955094,301535.59,304347.56,654864.81,.99285269,330798.9081574032,532788.25,1.0163369,.67208862,1.080188433191382,.19963874,.19779418,Extrapolated,Extrapolated,Market,Regular,.63259995,.24792041,.11392646,.19606566,-.179739,-.010773439,.1799812474380871,.2105159672743643,.2851205860299553,.16006462,.1668428,.2481821,CAN
CAN,1967,310164.19,363776.94,20.78805297036904,7.5454884,2028.5,2.7123003,310523.84,313819.78,689065.31,.99328423,339709.3059265071,560289.31,1.0032632,.67208862,1.081583181930256,.2080248,.20583999,Extrapolated,Extrapolated,Market,Regular,.63439685,.22357929,.12354802,.20223729,-.18709478,.0033333586,.187532639698979,.2174790372512339,.2961394310360215,.16631328,.17457597,.25414023,CAN
CAN,1968,324376.38,385948.47,21.11089344841417,7.6812816,1992.62,2.7291954,324669.59,330604.13,727445.63,.99876761,357530.1324333819,588528.31,1.022348,.67208862,1.080346862343003,.21736231,.21346055,Extrapolated,Extrapolated,Market,Regular,.62588274,.21896626,.12671901,.2230363,-.18934056,-.0052637812,.1967178465254279,.2218455892147985,.3115812544838205,.17027941,.18261606,.25600365,CAN
CAN,1969,340907.25,407977.81,21.4154018936111,7.9169221,1975.95,2.746196,340636.66,346758.5,774391.38,1.0095485,376464.7470481446,620336.69,1.0324813,.67208862,1.079644958020396,.22804494,.22401892,Extrapolated,Extrapolated,Market,Regular,.62261212,.23002282,.12642147,.22158404,-.19603851,-.0046018674,.2053233482595333,.2294605026088027,.3373706892551094,.17900436,.19324538,.26381701,CAN
CAN,1970,348873.97,420444.31,21.716855,7.9987969,1956.94,2.7633023,348745.59,355497.16,782201.88,1.0376133,386488.9638938033,647219,1.0338035,.67208862,1.044914999166667,.24746612,.24276628,Extrapolated,Extrapolated,Market,Regular,.61279029,.21401732,.13448876,.23936151,-.18788546,-.012772415,.2214956903441318,.2441012584003272,.3711534410376374,.19020377,.19984919,.29522049,CAN
CAN,1971,366835.53,442378.81,22.048431,8.2001934,1942.14,2.7844098,366232.34,374390.34,828339.44,1.0381992,402403.2561738314,677501.38,1.0374722,.67392939,1.009791665916667,.266155,.26035541,Extrapolated,Extrapolated,Market,Regular,.61338031,.2220443,.13290665,.23664126,-.19309662,-.011875888,.2366228074296943,.2632907071938723,.4072348627740306,.19949515,.21485406,.31669879,CAN
CAN,1972,388952.44,468217.03,22.344104,8.4505424,1924.4,2.8056786,387339.41,394191.47,878837.56,1.0335315,424317.5563536669,709309.38,1.0507104,.67575419,.9899333325,.28664967,.28166696,Extrapolated,Extrapolated,Market,Regular,.61628121,.2248285,.13262141,.23893802,-.21040867,-.0022604703,.2553565496639898,.2827432368454105,.4386887147457796,.21423008,.22814532,.3374024,CAN
CAN,1973,422343.72,494404.44,22.614673,8.8646269,1913.83,2.8271098,419401.63,421798.16,937385.38,1.0329933,453867.8919949158,745336,1.0653431,.66235274,1.000083332333333,.30745053,.30570367,Extrapolated,Extrapolated,Market,Regular,.60966969,.23744336,.13084359,.25778809,-.23753119,.0017865379,.2731794166674879,.3079326470329093,.4662628967597002,.23182441,.23271596,.36357504,CAN
CAN,1974,446766.69,467750.25,22.876657,9.2067881,1898.92,2.8487048,448299.16,432756.25,1008211.4,1.047652,470620.0998179205,784972.69,1.0532701,.65524906,.9780333323333333,.35132277,.36394092,Extrapolated,Extrapolated,Market,Regular,.62415528,.26617455,.13719329,.27573743,-.30826965,.0050089988,.3101632814468598,.3515672361546686,.5381019081628474,.27473539,.24209067,.42050937,CAN
CAN,1975,450870.41,478230.19,23.142272,9.336998,1872.41,2.8704648,455219.31,438962.47,1083690.8,1.0384123,479199.3778008136,827410.81,1.0384669,.66302508,1.017158332833333,.37496698,.38885373,Extrapolated,Extrapolated,Market,Regular,.63489807,.27003402,.1464079,.23964736,-.28688025,-.0041070739,.3342406377020404,.359654017428877,.5798199227717102,.30704844,.26962575,.43454337,CAN
CAN,1976,479134.56,506884.81,23.41609,9.7791481,1843.17,2.889291,481529.13,464058.19,1141797.6,1.0231371,504114.4027273449,871848.19,1.0364398,.66751772,.9860249990833333,.42121756,.43707564,Extrapolated,Extrapolated,Market,Regular,.62973607,.269207,.14124224,.24607314,-.28166017,-.0045982823,.3741729184880505,.3991334891759362,.6730608222301797,.33601609,.29022002,.47613546,CAN
CAN,1977,490084.16,524253.03,23.695198,9.9486094,1821.85,2.9082408,491593.97,480001.91,1225070.3,1.0180377,521547.841260307,916159.06,1.0381832,.66732693,1.063449999416667,.42268381,.43289161,Extrapolated,Extrapolated,Market,Regular,.62727255,.25747502,.14319831,.25022903,-.26576585,-.012409039,.3753478645659732,.3976103438226686,.6751191350501289,.34379265,.30951896,.45684206,CAN
CAN,1978,504809.25,550142.25,23.975639,10.269319,1823.09,2.927315,505317.53,498766.41,1322014.1,1.0060335,542167.7111572543,961221.19,1.0352786,.65346366,1.140674999333334,.4248364,.43041649,Extrapolated,Extrapolated,Market,Regular,.61620301,.25050256,.14192352,.24856837,-.24994597,-.0072514717,.3832828486246047,.3924191788262768,.6624715313166121,.35809493,.3359758,.4402709,CAN
CAN,1979,530997.69,555992.94,24.250641,10.730981,1829.35,2.9465141,531454.63,519191.88,1419301.6,1.0011418,562796.774451097,1010808.8,1.0218114,.63567054,1.1714249995,.44907695,.45968369,Extrapolated,Extrapolated,Market,Regular,.60632735,.27346563,.13716963,.27383047,-.28715456,-.0036385884,.4070100173572406,.4125955771307014,.7077547705572248,.39353499,.35904047,.45181271,CAN
CAN,1980,541995.31,545974.88,24.516277,11.022371,1819.87,2.9658394,546521.5,529553.19,1504091.3,1.002066,574967.9126010673,1062719.8,1.0035212,.63265783,1.169216666,.49200153,.5077666,Benchmark,Extrapolated,Market,Regular,.6097886,.26076835,.13992186,.27862233,-.28783703,-.0012641047,.4462332349551479,.4475406576107625,.7743233196475727,.4400996,.38692108,.4882049,CAN
CAN,1981,555763.69,562728.5,24.769849,11.319523,1808.42,2.9592123,561058.56,544455.19,1616971.5,.98870492,595109.7258594477,1117936.4,1.003683,.6137408,1.198908332583333,.53589064,.5522328,Interpolated,Extrapolated,Market,Regular,.59501427,.27712718,.14647579,.26823479,-.2863442,-.00050786423,.4902976884147402,.4944186498337422,.7995620166010785,.47877833,.42528954,.52997375,CAN
CAN,1982,534759.44,557020.75,25.016047,10.937443,1782.14,2.9526002,541863.5,535752.06,1697656.8,1.0027635,578095.506224921,1160216.9,.98322588,.6220513,1.233733332666667,.56821311,.57469481,Interpolated,Extrapolated,Market,Regular,.58809322,.22171783,.16027541,.26290414,-.23045957,-.0025310789,.5251173237173773,.5000341826693102,.8206586809195492,.48556665,.44573516,.5354321,CAN
CAN,1983,555292.25,581170.94,25.26695,11.01545,1773.27,2.946003,561181.38,556095.69,1696948.9,.99451464,593807.0215193535,1201220.5,.9934451,.60065371,1.232416665666667,.59482425,.60026413,Interpolated,Extrapolated,Market,Regular,.58084518,.23300689,.16456655,.26585144,-.23786166,-.0064083673,.5629558879498164,.5093828581590907,.828280209421432,.49725553,.46275792,.55744231,CAN
CAN,1984,592086.75,619004.44,25.53886,11.304576,1781.84,2.9394205,595107.13,591380.56,1738647.1,.99195772,628333.742900144,1243980.1,1.0219427,.59210736,1.295066666333333,.58333987,.58701575,Interpolated,Benchmark,Market,Regular,.56434584,.2464963,.16171685,.29960945,-.2681745,-.0039939876,.5650321735410434,.4884050739769448,.7919324893623597,.48949474,.46473253,.54310006,CAN
CAN,1985,624415.69,656057.81,25.842588,11.659628,1791.97,2.9328525,632662.63,627804.31,1812665.1,.99930906,658368.5705577866,1293131.9,1.0362533,.59316313,1.365483332916667,.56224042,.56659132,Benchmark,Benchmark,Market,Regular,.55937123,.25465205,.17006519,.28974095,-.2659772,-.007852165,.5561405037406083,.4652589744125558,.7275217388201864,.48091373,.45716086,.52274013,CAN
CAN,1986,639135.56,680426,26.183106,12.054073,1793.11,2.9488628,648148.56,634240.94,1887178,.96578819,674306.2434158487,1345135.4,1.0207436,.60680556,1.38949999975,.56910902,.58158851,Interpolated,Benchmark,Market,Regular,.57915676,.25985253,.17413384,.24571529,-.25130379,-.0075546093,.5654234682026716,.4721918430849074,.7259924128305538,.55729735,.50752616,.5259378,CAN
CAN,1987,678183,731168.25,26.55454,12.414263,1808.15,2.9649606,687647.25,680657.94,1960488.1,.99521726,702985.9643710926,1407190.6,1.0235457,.60526294,1.325991666666667,.61300737,.61930197,Interpolated,Benchmark,Market,Regular,.56443578,.27033478,.16593114,.2321105,-.226092,-.0067201601,.6130875893183192,.506017123114724,.787042721395562,.59752965,.56908947,.56899732,CAN
CAN,1988,721657.56,767549.88,26.943398,12.810707,1814.19,2.9811463,729146.31,716747.5,2055056.9,.99250925,737955.8074822468,1477096.3,1.0308436,.60827047,1.230708333333334,.68321472,.69503349,Interpolated,Benchmark,Market,Regular,.5622173,.27814364,.16611756,.23505846,-.23939228,-.0021447313,.6825841973914526,.5711904567753993,.8729198951363006,.6715731,.62230814,.63561302,CAN
CAN,1989,749598.19,792724.5,27.330298,13.051799,1810.92,2.9974203,752441,743769.13,2145951.5,.98603898,757285.8437947534,1552879,1.0222874,.61288786,1.183991666666667,.73828703,.74689496,Interpolated,Benchmark,Market,Regular,.56517428,.28010538,.16545838,.2352245,-.24314696,-.0028155397,.7344157423395269,.6208734500673527,.950280702665164,.66291052,.62986469,.67702514,CAN
CAN,1990,747161.94,791951.5,27.700854,13.122884,1803.67,3.0137832,745153,738072.94,2250825.8,.94985127,758747.5939011401,1621099.4,1.0007789,.62015849,1.166775,.78203446,.78953618,Interpolated,Benchmark,Market,Regular,.59896904,.24648355,.16278878,.24457455,-.23632459,-.016491324,.7471977740368054,.6698293493863153,1.080106685646724,.70298761,.66796124,.6872465,CAN
CAN,1991,727635.75,775541.31,28.051725,12.904957,1781.01,3.0293081,724268.63,721163.44,2277312.8,.93048698,742873.355481657,1679357.3,.97409022,.63404244,1.145716666666667,.82593578,.82949209,Interpolated,Benchmark,Market,Regular,.60612601,.23245493,.17146903,.25129518,-.24109863,-.020246498,.7953379671468338,.6702864623726584,1.145104783138789,.69959486,.67920268,.70450246,CAN
CAN,1992,733278.19,782065.25,28.386162,12.735683,1778.93,3.0449131,726575.75,742847,2296575.5,.93420374,749374.9257661641,1732837,.97643858,.63670605,1.208725,.79760402,.78013331,Interpolated,Benchmark,Market,Regular,.59197325,.22481276,.16709502,.28596005,-.24318175,-.026659289,.773551583810441,.6176047683093299,1.124989871472077,.63298708,.67778653,.68404919,CAN
CAN,1993,751491.5,795303.63,28.704519,12.757118,1783.91,3.0605984,744726.38,742459.81,2359066,.91251647,766899.3789283918,1782958,.98458129,.62652177,1.290074166666667,.75689024,.75920087,Interpolated,Benchmark,Market,Regular,.60548687,.23405446,.16623428,.29739481,-.27685896,-.02631145,.7383691897190291,.5788816991122842,1.074983181070794,.65502524,.63890415,.65099621,CAN
CAN,1994,795094.25,831088.63,29.009032,12.987637,1790.66,3.0763645,782605.19,772325.69,2442421.5,.91144174,803742.8363268517,1841747.3,1.0047389,.60479963,1.365638333333333,.72128087,.73088098,Interpolated,Benchmark,Market,Regular,.60280007,.24089393,.15917343,.30932111,-.29048184,-.02170668,.701271387998747,.5725945723212112,1.022080826388847,.69592863,.66051817,.62457973,CAN
CAN,1995,832579.13,862539.63,29.302092,13.190542,1787.34,3.092212,815219.31,804771.63,2532747.3,.926054,826315.383724406,1896199.9,1.0084209,.59515071,1.372440833333333,.72434461,.73374826,Extrapolated,Benchmark,Market,Regular,.59787941,.23330085,.15051101,.32021394,-.28749961,-.014405619,.6979631521880351,.5899811396906183,1.037412062210169,.74163246,.71042019,.62017405,CAN
CAN,1996,851837.25,876985.63,29.582222,13.284664,1803.89,3.1028211,829972.13,819186.19,2580369.3,.91371906,839691.7762073786,1955065.5,1.0057704,.59084511,1.363468333333333,.73951387,.74925077,Benchmark,Benchmark,Market,Regular,.60808659,.22211756,.14292681,.33060181,-.29167074,-.012062071,.7073498919991611,.613513417497409,1.07216947057527,.74684173,.7140339,.63015574,CAN
CAN,1997,891290.56,905898.44,29.850242,13.562309,1793.44,3.1134667,864321.13,856557.5,2590423,.92608881,875176.4495446815,2031492.1,1.0173663,.59190077,1.384616666666667,.73760641,.7442919,Interpolated,Benchmark,Market,Regular,.60070914,.24522857,.14339365,.35204402,-.3310872,-.010288184,.7168219560126461,.6292763352335914,1.009940812117629,.71643144,.69469082,.64945799,CAN
CAN,1998,911956.56,920786.44,30.113972,13.904901,1789.51,3.1241491,878746.13,876842.44,2602028.5,.91709721,911036.2134753208,2109699.3,1.0255228,.59984809,1.483463083333333,.70188844,.70341229,Interpolated,Benchmark,Market,Regular,.59769088,.23479268,.15003234,.36314541,-.34381896,-.0018423358,.6832156244912754,.6107926204733291,.91883653021295,.67396873,.66795909,.62898338,CAN
CAN,1999,968344.63,980533.94,30.383823,14.257209,1794.08,3.1348679,935108.13,941650.19,2621828.5,.94646412,961432.5765771469,2195938.8,1.0469565,.58923155,1.485731666666667,.70713818,.70222539,Benchmark,Benchmark,Market,Regular,.57555979,.23207946,.14897794,.38056248,-.33875006,.0015704187,.6965505451560023,.6143029460658417,.8926620480298127,.66631371,.67575473,.64244026,CAN
CAN,2000,1026971.1,1033078,30.667365,14.611183,1788.37,3.1456234,1001191.4,1009958.9,2587568.8,.98863661,1011747.118446602,2285166,1.0661042,.57972676,1.48511,.7240513,.71776587,Interpolated,Benchmark,Market,Regular,.55724424,.23224322,.14411265,.41897798,-.35973155,.0071534589,.7130909101195582,.6252511651940634,.9256524876984646,.6548804,.66083592,.68282026,CAN
CAN,2001,1024341.6,1032591.1,30.967236,14.798411,1777.52,3.1929219,1002781.5,1010340.9,2560386.8,.98328954,1029794.675892185,2377148,1.050354,.58888656,1.548760833333333,.71345723,.70811903,Interpolated,Benchmark,Market,Regular,.56861436,.21844737,.14885466,.40700752,-.34483087,.0019070136,.6975116233574394,.6217810209422981,.9089048396141193,.63484591,.63612247,.69525892,CAN
CAN,2002,1031131.1,1025472.3,31.281727,15.177998,1757.78,3.2409313,1013971.3,1009212,2513771.5,.95990288,1059911.324782198,2468664.5,1.0394745,.59229028,1.569318333333333,.72453076,.72794753,Benchmark,Benchmark,Market,Regular,.58733529,.22179671,.15174916,.39509261,-.35857108,.0025973246,.7049205933487249,.6332768520484848,.9338073021090746,.63346779,.61468869,.73569852,CAN
CAN,2003,1062317.1,1067942.3,31.608562,15.579919,1742.55,3.2896628,1045926.4,1049393.3,2580319.5,.96008569,1079849.044629498,2571569.3,1.0165167,.58646858,1.401051666666667,.82788146,.82514644,Interpolated,Benchmark,Market,Regular,.57701218,.22899815,.15314895,.37781125,-.33784503,.00087448745,.8092748375101482,.7203072426193465,1.058836616888276,.68663001,.67800874,.82225269,CAN
CAN,2004,1103442.1,1095779.6,31.943605,15.882357,1760.03,3.3391271,1087390,1086606.1,2686752.8,.95596391,1113540.086232487,2688618.3,1.0086925,.58357793,1.301019166666667,.91248471,.91314292,Interpolated,Benchmark,Market,Regular,.57004553,.23506127,.15214555,.39008167,-.34714562,-.00018840935,.8933405200677553,.8050374219007489,1.150215805466907,.74825919,.72605073,.90022731,CAN
CAN,2005,1142974.5,1147158.5,32.283413,16.132248,1749.22,3.3893349,1142974.5,1147158.5,2824417.8,.98254216,1147158.5,2824417.8,1,.57720882,1.211763333333333,.99193531,.98831755,Benchmark,Benchmark,Market,Regular,.56445974,.24386142,.15050463,.41463783,-.37045965,-.0030039551,.9672709032456432,.894654045717128,1.242062137580577,.75801104,.73991019,.97749895,CAN
CAN,2006,1159969.6,1131226.1,32.627978,16.456724,1746.25,3.3872612,1151208,1157055.6,3028414.8,.96575433,1179543.159904136,2972935.5,.99513179,.58277237,1.134363333333333,1.1106656,1.1050524,Interpolated,Benchmark,Market,Regular,.56276882,.25338677,.1532996,.4290024,-.39441913,-.0040384196,1.08542094131751,1.003967303817543,1.37969964236271,.78202039,.76749331,1.0573624,CAN
CAN,2007,1177517.9,1145105.3,32.977334,16.888588,1742.91,3.3851886,1155648.4,1176164.9,3136487.3,.95437276,1205493.361321102,3125529.3,.9814328,.58277237,1.074099166666667,1.2322665,1.2107716,Interpolated,Benchmark,Market,Regular,.55915785,.2515744,.15325595,.41966829,-.37500304,-.008653488,1.205563706416275,1.118475170172133,1.516484434819894,.85065389,.8630172,1.1648413,CAN
CAN,2008,1185721.1,1100049.9,33.327954,17.209917,1733.1,3.3831172,1170946.4,1162697.5,3254806.3,.92769748,1213795.91805744,3279235.5,.95835698,.58277237,1.06704,1.2833025,1.292407,Benchmark,Extrapolated,Market,Regular,.57175523,.25652185,.16359127,.42348218,-.39927849,-.016072014,1.255525597722773,1.170762290191928,1.55685413132411,.92536348,.88049698,1.2226551,CAN
CAN,2009,1111819.1,1098235.1,33.675448,16.971972,1702.13,3.3810472,1098063,1109686.4,3290272.8,.89167958,1180176.584950237,3392822.5,.9264822,.58277237,1.14310055659983,1.218124,1.2053651,Extrapolated,Extrapolated,Market,Regular,.60346174,.22372419,.17917401,.33659106,-.33046228,-.012488736,1.173399439873792,1.124234837192124,1.485991714271094,.84382367,.87597412,1.1813128,CAN
CAN,2010,1169816.9,1113241,34.016593,17.235138,1711.22,3.3789785,1154299.8,1146855.6,3321402.8,.88361824,1218118.653277711,3529579.8,.93256658,.58277237,1.03016278295376,1.3662311,1.3750992,Extrapolated,Extrapolated,Market,Regular,.6051743,.24157588,.17852233,.36124876,-.37136671,-.015154578,1.315585675051243,1.263921489120069,1.676358979264455,.93309158,.92065108,1.346815,CAN
CAN,2011,1214080.8,1108343,34.349561,17.534931,1707.88,3.3789785,1197414.4,1170241.1,3488218.5,.86931664,1248079.014420499,3682039.5,.92940539,.58277237,.989530691879357,1.4505161,1.4841973,Extrapolated,Extrapolated,Market,Regular,.60877734,.25407547,.17443076,.38224971,-.40344387,-.01608941,1.393876345277576,1.332704594810355,1.819797183328034,1.0079254,.94634843,1.410042,CAN
MEX,1950,109190.48,116871.52,27.99572592042832,8.2854471,2217.37,1.384199,110392.06,110042.05,259230.88,.92635834,103740.5952944186,317177.03,.7981593,.43147716,.0086500000868811,.053468056,.053638123,Extrapolated,Extrapolated,Market,Regular,.85148984,.15291332,.034688305,.05294887,-.07285399,-.019186309,.0526511827182168,.0551993672348606,.0658877755384773,.075141884,.066841088,.059199613,MEX
MEX,1951,118060.45,126880.12,28.79284475507824,8.3812771,2216.96,1.3904198,119653.12,118814.3,271150.75,.94723338,113761.016743618,322580.09,.8609314,.43147716,.0086510003273123,.064019032,.064470991,Extrapolated,Extrapolated,Market,Regular,.87465763,.17710711,.033784501,.049228352,-.094892085,-.039885458,.0636516576457275,.0634390644829942,.076570298638291,.082252957,.06852553,.0683975,MEX
MEX,1952,123684.73,132094.56,29.62635436358514,8.4782162,2216.55,1.3966687,126445.44,125271.16,278534.09,.9693231,118079.8641243732,329408.69,.87696773,.43147716,.008651999636421,.068090506,.068728782,Extrapolated,Extrapolated,Market,Regular,.84559023,.18769144,.033679638,.046654869,-.082757637,-.030858578,.0676421486073277,.0674497303570942,.0829181990111179,.087674938,.071180686,.073275737,MEX
MEX,1953,120448.06,130294.1,30.49807590629033,8.5762777,2216.13,1.4029455,123275.54,124093.82,284788.47,.92556661,117212.8113625856,335763.31,.85520446,.43147716,.0086510003273123,.069373153,.06891571,Extrapolated,Extrapolated,Market,Regular,.83436668,.18581817,.034667905,.052013483,-.073880993,-.032985259,.0690739150467664,.0679068722874189,.0844344073332327,.077430069,.081441261,.072644934,MEX
MEX,1954,133854.44,144695.42,31.40996715513112,8.6754704,2215.72,1.4092506,136422.03,137248.36,291012.13,1.0141762,130025.5485838758,344070.19,.92916793,.43147716,.0113500001193834,.058228269,.05787769,Extrapolated,Extrapolated,Market,Regular,.83102739,.18629985,.034160536,.049049199,-.069082759,-.031454183,.0577111631656874,.0582834313459973,.0705071015103353,.081368446,.07989233,.061777849,MEX
MEX,1955,144960.61,156668.52,32.3640871122203,8.7787247,2215.31,1.415584,146784.38,147030.22,301434.59,1.025318,140709.074135578,354374.28,.9818486,.43147716,.0125000000125,.060057364,.059956953,Extrapolated,Extrapolated,Market,Regular,.81913143,.19313121,.035213716,.047563672,-.067298569,-.027741455,.0596972207000505,.0595664272262523,.0711275725600481,.090934582,.083413534,.062328774,MEX
MEX,1956,154569.42,167443.91,33.36260190674958,8.9030552,2214.9,1.422178,155796.69,156369.02,320988.03,1.0711391,152008.3231937031,369687.75,1.0271603,.43147716,.0125000000125,.06481915,.064581908,Extrapolated,Extrapolated,Market,Regular,.79842585,.22788151,.036012422,.046815481,-.071438715,-.037696566,.0647958468543524,.063181535568309,.0756985003441202,.094639093,.087807052,.06549333,MEX
MEX,1957,165816.97,180191.67,34.41388415876614,9.0291471,2214.49,1.4288028,166961.91,167884.61,334120.69,1.11807,164267.3026181349,386211.5,1.0740376,.43147716,.0125000000125,.069826759,.069442987,Extrapolated,Extrapolated,Market,Regular,.80621052,.22950433,.037078194,.040750571,-.07033065,-.043212939,.0703202597071428,.0663032777611946,.0809058107982741,.095976539,.090670802,.069442265,MEX
MEX,1958,173925.58,189143.58,35.52093637493088,9.1570244,2214.08,1.4354585,175474.42,176886.17,338366.81,1.1639043,171606.1467737959,399659.91,1.0915502,.43147716,.0125000000125,.074212924,.073620617,Extrapolated,Extrapolated,Market,Regular,.81551385,.20281489,.037675697,.039774783,-.06083408,-.034945101,.0745923774159665,.0705600147878584,.0856637263239517,.094062001,.097267367,.075518899,MEX
MEX,1959,179122.7,194060.7,36.68705983834496,9.2867117,2213.66,1.4421452,180263.13,181396.64,351415.25,1.1169901,175161.7563805459,412468.06,1.0855639,.43147716,.0125000000125,.077558063,.077073418,Extrapolated,Extrapolated,Market,Regular,.80798954,.19773498,.037004098,.0421222,-.05739544,-.027455378,.0780868410292753,.0731749510861159,.0894337628063764,.089994781,.095361128,.077811778,MEX
MEX,1960,191618.92,208623.53,37.91561971522994,9.4229174,2213.25,1.448863,192986.53,194119.86,385352.09,1.1307681,190839.1556479253,428213.63,1.1482444,.43147716,.0125000000125,.082416326,.081935145,Extrapolated,Extrapolated,Market,Regular,.8094641,.20389755,.041791324,.03727996,-.057346776,-.035086121,.0803062092344523,.0881215003964526,.0954521947359717,.099305965,.10208091,.087378733,MEX
MEX,1961,197492.69,214525.66,39.15173352540318,9.6825476,2204.45,1.464499,198299.02,199054.66,390115.81,1.1201246,196269.9941312755,449736.97,1.1298157,.43147716,.0125000000125,.087043926,.086713493,Extrapolated,Extrapolated,Market,Regular,.79786855,.20173453,.045531835,.036954273,-.053319532,-.028769685,.0858603894042395,.0901845575865585,.0938684908205381,.10492835,.10581461,.087188527,MEX
MEX,1962,205552.8,222777.39,40.41490429412783,9.9493322,2195.68,1.4803038,206267.14,206670.34,403607.66,1.0865362,203948.846153501,465451.28,1.132636,.43147716,.0125000000125,.089953169,.089777671,Extrapolated,Extrapolated,Market,Regular,.79640615,.1904062,.051082045,.03537675,-.049735621,-.02353549,.0890137275354628,.0925519412793484,.0949129101465197,.11543173,.11168763,.089672603,MEX
MEX,1963,224832.91,242867.52,41.70512612450046,10.223467,2186.95,1.496279,225186.42,225620.59,421010,1.1225013,223577.6058711644,486312.25,1.191427,.43147716,.0125000000125,.091751501,.091574937,Extrapolated,Extrapolated,Market,Regular,.7849142,.20404451,.05257519,.037807181,-.049435869,-.029905194,.0895713610162554,.0985635568326342,.0978620319107766,.11229944,.11114439,.096919015,MEX
MEX,1964,254873.34,275758.97,43.02240687905898,10.505157,2178.25,1.5124267,254608.75,255669.44,439685,1.1965027,254147.985048145,514131.88,1.2908802,.43147716,.0125000000125,.096220352,.095821179,Extrapolated,Extrapolated,Market,Regular,.77735639,.21599883,.05215871,.031414878,-.050142709,-.026786109,.0948631507401742,.0998820010128665,.1012841548953435,.11352937,.11523878,.097953208,MEX
MEX,1965,268725.69,290269.81,44.36672788427586,10.814743,2169.59,1.5287486,268015.59,268408.19,472893.22,1.1668051,268328.9199042936,546709.63,1.2937292,.43147716,.0125000000125,.099542536,.099396929,Extrapolated,Extrapolated,Market,Regular,.76494694,.22958015,.05205455,.029632498,-.048859369,-.02735476,.0977800149756144,.1045646087953524,.1032936558389625,.12645654,.11892696,.10190041,MEX
MEX,1966,286011.03,308300.19,45.73818349060592,11.148612,2160.96,1.5447309,285061.59,285390.03,500923.72,1.158935,284942.4012854302,582088.25,1.3025805,.43147716,.0125000000125,.10435579,.10423569,Extrapolated,Extrapolated,Market,Regular,.75452232,.23231912,.054560758,.029952763,-.047638018,-.023717005,.1043108905465162,.1039221243183798,.1068231481880925,.12205572,.11806545,.10020056,MEX
MEX,1967,300498.63,324694.81,47.17086271393568,11.492787,2152.36,1.5608803,299089.16,300373.81,532925.88,1.1714175,301114.0312785528,618298.75,1.306867,.43147716,.0125000000125,.10856266,.10809837,Extrapolated,Extrapolated,Market,Regular,.76005417,.22824542,.056781054,.025631333,-.043324247,-.027387751,.1070926356119124,.1137059552107904,.1075653615702602,.13321902,.13416032,.1090044,MEX
MEX,1968,326338.25,353352.94,48.66793317422194,11.847588,2143.8,1.5771985,324359.16,326441.25,581472.75,1.1837558,328409.2909876751,662014.19,1.3471068,.43147716,.0125000000125,.11055773,.10985258,Extrapolated,Extrapolated,Market,Regular,.74432337,.24136989,.058271911,.023688577,-.040745124,-.026908571,.1122576477209294,.1052046991478958,.1110171873965952,.14356133,.14751774,.10104543,MEX
MEX,1969,338991.47,367576.78,50.23270106865203,12.213343,2135.27,1.5936873,336036.38,338250.16,618488.63,1.1777414,340400.5527588869,697982.19,1.3312742,.43147716,.0125000000125,.11818967,.11741615,Extrapolated,Extrapolated,Market,Regular,.76232988,.21620893,.05965602,.023116134,-.037029885,-.024281062,.1157836153470131,.1271740976763467,.1163741032965723,.16033006,.16589245,.12192985,MEX
MEX,1970,359422.75,390913.09,51.86833499999999,12.619818,2126.78,1.6103485,355998.34,358481.25,698980.44,1.1755996,362919.4821202138,736023.5,1.3517636,.43147716,.0125000000125,.12198283,.12113795,Extrapolated,Extrapolated,Market,Regular,.76293349,.22010128,.061574593,.018470742,-.040092327,-.022987723,.1141004704071418,.1490608560185072,.122856655163407,.18204652,.17121223,.1366774,MEX
MEX,1971,376557.69,408209.13,53.44194299999999,13.293988,2125.06,1.636091,371847.66,374004.13,737865.44,1.1467524,378058.3567146736,769905.63,1.332947,.43147716,.0125,.12880689,.1280642,Extrapolated,Extrapolated,Market,Regular,.76436269,.20209485,.065942384,.018808272,-.035509143,-.015699018,.1225728323897999,.1528738108961968,.1273097889779389,.18771981,.18125524,.13923191,MEX
MEX,1972,408168.63,442195.69,55.081201,14.034954,2123.35,1.6622452,400958.88,403114.22,792351.94,1.141412,410147.3892038018,812407.88,1.3607897,.43147716,.0125000230379199,.13766891,.13693282,Extrapolated,Extrapolated,Market,Regular,.74939924,.2084415,.070686221,.023080083,-.037304983,-.014302023,.1311172587472944,.1591237568189135,.1438613569249844,.19826102,.19517016,.14467756,MEX
MEX,1973,441672.13,477483.41,56.771626,14.83035,2121.63,1.6888173,431938.97,434654.38,849739.06,1.1365844,444637.0071956563,861572.38,1.3837184,.43147716,.0124999519112712,.1563462,.15536946,Extrapolated,Extrapolated,Market,Regular,.73504406,.22389869,.072737798,.029418649,-.045353647,-.015745562,.1488687470826514,.176870297406156,.1687322615712721,.20579523,.21029638,.15902714,MEX
MEX,1974,469896.56,493218.06,58.492118,15.678674,2120.16,1.7141722,463931,465744.5,929570.5,1.1776744,471807.7270993728,917814.94,1.3739711,.43147716,.0124999689192606,.18956015,.18882203,Extrapolated,Extrapolated,Market,Regular,.72155589,.25412014,.073002294,.029721545,-.060871478,-.017528346,.1826084942105467,.2052797923747293,.2035503568678286,.21363217,.21365194,.18887182,MEX
MEX,1975,496262.03,520589.97,60.224601,16.696075,2118.69,1.7347858,492213.72,492836.47,1016002.5,1.1753651,498281.2340428219,980566.69,1.3531204,.43147716,.0125,.21845248,.21817642,Benchmark,Extrapolated,Market,Regular,.7164529,.26007092,.079883464,.024274142,-.056218076,-.024463382,.209087180014785,.2368784729842561,.2424589766865567,.25019512,.23718876,.22184531,MEX
MEX,1976,523889.44,548769.75,61.969362,17.465837,2117.22,1.7610739,517128.13,517852.94,1014835.2,1.1736584,519402.253018989,1042844.1,1.3270818,.43147716,.0154258499996667,.20998511,.2096912,Interpolated,Extrapolated,Market,Regular,.72277176,.23640443,.079981625,.024754379,-.046918012,-.016994148,.1973525207100846,.2356344082381689,.2483296967415444,.2705197,.24829447,.22904487,MEX
MEX,1977,542059.88,569196.81,63.72335899999999,18.271017,2115.75,1.7877604,534333.69,536336.56,1021347.7,1.1755853,537284.0704114605,1094226.3,1.3015443,.43147716,.02257286666575,.18733016,.18663058,Interpolated,Extrapolated,Market,Regular,.72587931,.2219561,.07562276,.029603364,-.038798522,-.014262948,.170326665477579,.2289185011278442,.2284777052691528,.2698434,.26857609,.22162288,MEX
MEX,1978,592193.56,621936.5,65.461471,19.210247,2114.28,1.8148513,581400.06,583122.25,1065386.6,1.2126724,581609.0065550812,1159081.1,1.3257377,.43147716,.0227672833323333,.21575193,.21511474,Interpolated,Extrapolated,Market,Regular,.72797048,.22764607,.076513231,.034247618,-.045160156,-.021217212,.1950140256710971,.2658100056779343,.2641234380033283,.31549716,.30580384,.26146597,MEX
MEX,1979,654881.19,681513.44,67.15255499999999,20.427498,2112.81,1.8423526,643148.38,644577.06,1120224.3,1.2748638,634853.9390905687,1242154.6,1.3461033,.43147716,.0228053833323333,.25553367,.25496724,Interpolated,Extrapolated,Market,Regular,.7302556,.23941001,.074681953,.037534561,-.058151022,-.023731114,.2247104685328241,.3293916547160465,.3201604495905604,.36442932,.33579338,.32854322,MEX
MEX,1980,732128.31,739501.31,68.776411,21.75193,2111.34,1.8702707,724890.31,714591.38,1179115.6,1.3574203,687699.904069142,1341584.1,1.3495865,.43147716,.0229510083323333,.31406662,.31859303,Benchmark,Extrapolated,Market,Regular,.72710174,.26241606,.073421761,.043677062,-.077003501,-.0296131,.2714470237543463,.406967747608447,.4040949426878929,.49475855,.35603401,.41998869,MEX
MEX,1981,791191.56,792184.06,70.318386,22.461252,2112.25,1.9022628,783694.44,768407.63,1328909.5,1.3523215,748176.4534192592,1467053.8,1.3662801,.43147716,.0245145999990833,.37282234,.38023931,Interpolated,Extrapolated,Market,Regular,.708076,.28522804,.078331657,.045382939,-.082774408,-.034244239,.3291367615108344,.4504597435153287,.4850166008995818,.57453549,.39074296,.46275222,MEX
MEX,1982,783223.63,778447.56,71.788766,23.155725,2113.17,1.9348021,778583.69,755854.5,1418742.6,1.2929463,742886.332264381,1548931.4,1.2887375,.43147716,.05640169999925,.26080236,.2686449,Interpolated,Extrapolated,Market,Regular,.68719286,.22405417,.084200054,.056772426,-.054999303,.0027797895,.2292869322242638,.339015257086778,.3098906549747133,.49334809,.35864773,.34843373,MEX
MEX,1983,737953.94,727722.94,73.223336,23.164507,2114.08,1.967898,732518.13,703137.31,1374102.1,1.1590116,710972.9910177024,1572713.1,1.2136229,.43147716,.1200935833325,.23756313,.2474898,Interpolated,Extrapolated,Market,Regular,.68557602,.17446139,.09553086,.076305754,-.035073075,.0031990076,.2091764486959495,.3633617582616525,.2115426182293277,.45928699,.43782797,.38419643,MEX
MEX,1984,749334.19,749426,74.67329599999999,24.058386,2115,2.00156,740475,721378.5,1394059.6,1.0992224,736564.9867129992,1606675.5,1.213091,.43147716,.1678275833326667,.27721098,.28454939,Interpolated,Benchmark,Market,Regular,.6717661,.18376511,.10042836,.079654433,-.045335092,.0097210668,.2543693371500865,.3795553717130818,.2427277517651241,.46228322,.44208872,.41370806,MEX
MEX,1985,755162.19,760955.38,76.17515399999999,25.184372,2115.91,2.0357978,751847.94,740261.13,1434496.8,1.0566543,756984.5528339534,1651308.4,1.194688,.43147716,.2568715833331666,.28683823,.29132795,Interpolated,Benchmark,Market,Regular,.66782624,.20517325,.10321962,.073811807,-.050774716,.00074380869,.2679368987983404,.371095510853775,.241647954197924,.4459095,.42972377,.41433135,MEX
MEX,1986,702814.81,713978.56,77.74110999999999,25.956074,2116.83,2.0635138,701023.13,688994.31,1480795.3,.9418968,728567.9592092446,1688620.5,1.1141175,.43147716,.611772583333,.21584213,.21961041,Interpolated,Benchmark,Market,Regular,.6859414,.17826129,.11759019,.05811134,-.046386678,.0064824903,.2086457776754793,.2818897619338226,.1576956115553284,.47639287,.46153998,.30278757,MEX
MEX,1987,717752.56,722183.31,79.35878,26.852386,2117.74,2.0916069,716081.31,696471.13,1513416.5,.91224611,742088.3371958446,1721258.8,1.0997505,.43147716,1.3781825,.22896524,.23541209,Interpolated,Benchmark,Market,Regular,.66417533,.18910494,.11941858,.05639948,-.035623588,.006525239,.2221554227528998,.2959439091631889,.1607757653922648,.52268958,.51420075,.31308892,MEX
MEX,1988,703611.81,725525.31,81.010093,27.798431,2118.66,2.1200826,700626.56,698090.56,1591188.8,.85776585,751330.5877738266,1763652.5,1.075573,.43147716,2.273105,.28657717,.28761825,Interpolated,Benchmark,Market,Regular,.66249079,.21079892,.12319722,.050717454,-.050081681,.002877262,.2868707322362962,.3437619354075532,.1871514851713176,.57644808,.5593999,.36630937,MEX
MEX,1989,727521.06,748660.19,82.66645699999999,28.864061,2119.58,2.148946,721888.69,719949.44,1638675.6,.84176487,782873.6484731309,1797212.6,1.0845842,.43147716,2.4614725,.33863401,.33954614,Interpolated,Benchmark,Market,Regular,.67902356,.20459886,.12675412,.054547414,-.056208566,-.0087154033,.3363689541475002,.4252043274200832,.2110314080126178,.58683968,.56313521,.44326267,MEX
MEX,1990,767400.5,790908.63,84.306602,29.922831,2120.6,2.1782024,764131.63,764929,1733467,.8433972,822552.0837738276,1845103.9,1.0988975,.43147716,2.812599166666667,.37691551,.3765226,Interpolated,Benchmark,Market,Regular,.69115776,.20567568,.12017601,.055481851,-.065582797,-.0069085239,.3703128566717647,.4731030610702642,.2502682096959128,.62075555,.58923185,.46661031,MEX
MEX,1991,795314.25,821876.63,85.923799,30.954195,2120.6,2.2097862,790866.44,793698.31,1788239.5,.83995986,857282.2950175868,1906245.6,1.1010851,.43147716,3.01843,.43589845,.43434319,Interpolated,Benchmark,Market,Regular,.68484956,.22082783,.12640552,.051968925,-.080519877,-.0035319282,.4368281236376889,.5124150407842057,.2971888475655524,.65353316,.59574741,.52585685,MEX
MEX,1992,826566.81,854834.94,87.52332799999999,31.678877,2119.58,2.2418277,817999.63,828126.56,1862787,.81858349,888390.1444390286,1988171.5,1.0961676,.43147716,3.094898333333333,.48732409,.48136473,Interpolated,Benchmark,Market,Regular,.66582668,.25032124,.12722717,.094547741,-.12108903,-.016833834,.5072062134492377,.5001847473965884,.3579702842866089,.58999181,.61753142,.54754514,MEX
MEX,1993,849798.88,873662.31,89.109703,32.150204,2118.55,2.2743342,841674.5,842473.56,1978040,.7922017,905718.4123230048,2071482.3,1.0781175,.43147716,3.115616666666667,.52517617,.52467811,Interpolated,Benchmark,Market,Regular,.65260369,.25090969,.13226123,.098608218,-.12790717,-.0064756502,.5605080746403174,.4903528869586614,.4169040188672877,.62457448,.60572529,.54991573,MEX
MEX,1994,890587,909362.69,90.69133099999999,33.060505,2136.02,2.3073118,875475,872469.56,2118182.8,.76856512,945708.8311974184,2169744.3,1.0766171,.43539751,3.375116666666667,.52691478,.52872992,Interpolated,Benchmark,Market,Regular,.64834148,.26376358,.13793696,.10511773,-.14929561,-.005864148,.5657980146100213,.4861260293594586,.4221495465562496,.6609664,.60907024,.5296281,MEX
MEX,1995,818962.88,820184.75,92.27274899999999,32.438583,2153.5,2.3407676,801631.63,784561.31,2180096.8,.6983965,887387.0231116496,2195653.3,1.0050045,.37745309,6.419425,.39136186,.39987704,Extrapolated,Benchmark,Market,Regular,.64684451,.1887053,.15653661,.14575472,-.14428893,.0064478461,.4018594298390361,.4690318763100361,.2543522036638858,.69556808,.64002424,.4650616,MEX
MEX,1996,859639.44,832747.69,93.858373,33.774212,2183.99,2.3646679,838179.63,798396.63,2162294,.68785185,933116.8722309039,2243097,1.0232743,.36788154,7.599448416666666,.43468726,.45634714,Benchmark,Benchmark,Market,Regular,.65575951,.22565976,.14936115,.16603382,-.19765031,.00083601387,.4397329203362257,.5218178940412895,.2808948424267704,.72163969,.56624293,.51560742,MEX
MEX,1997,922295.06,891450.69,95.441345,35.754791,2230.07,2.3888123,894941.25,860634.81,2252707.3,.68922085,996307.2892922333,2315220.8,1.0445235,.38284266,7.918460000000001,.49107197,.51064694,Interpolated,Benchmark,Market,Regular,.65556395,.24242152,.1500278,.18423359,-.22881304,-.0034338045,.4865154104030192,.6083860967576964,.3214210403250438,.69404954,.56865966,.57358831,MEX
MEX,1998,964684.69,945256.63,97.00193299999999,36.749279,2159.85,2.4132032,930008.81,915533.69,2117671.5,.72597146,1046425.296187332,2423269.3,1.051406,.39041921,9.13604175,.49629453,.50414121,Interpolated,Benchmark,Market,Regular,.65967053,.23327689,.14865136,.19565558,-.22919795,-.0080564041,.5003649868272423,.5869343566361901,.3359909213226102,.65497392,.59724039,.57605743,MEX
MEX,1999,1016314.8,969157.19,98.51369,37.240845,2233.74,2.4378431,981834.5,944288.31,2233187.3,.70679766,1085737.915824664,2541341,1.0501482,.39682445,9.560397500000001,.53663754,.55797499,Benchmark,Benchmark,Market,Regular,.68047923,.22252405,.15652148,.22159196,-.27291396,-.0082027614,.5344861799384029,.6573510776676272,.3743741673323735,.65120745,.55083734,.62060267,MEX
MEX,2000,1093909.1,1075903.5,99.959594,38.057056,2167.17,2.4627347,1066528.6,1047803.7,2226836.3,.75572348,1157298.625439124,2670819.5,1.0727754,.40775579,9.455558333333334,.59701276,.60768175,Interpolated,Benchmark,Market,Regular,.66806072,.22284707,.15038744,.25720182,-.29607323,-.0024238105,.5922707871640317,.7242963394126968,.4294665688954639,.61705321,.57829982,.74837822,MEX
MEX,2001,1102698.9,1092218.6,101.329543,38.096802,2139.34,2.501606,1079450.6,1065498,2058562.4,.79313016,1156918.729349406,2796464,1.0367354,.42094025,9.342341666666666,.6315825,.63985312,Interpolated,Benchmark,Market,Regular,.67806834,.20668699,.14914238,.2474926,-.27551109,-.0058791572,.637755932571346,.7201300837669432,.4808029610580505,.60062301,.57357609,.84136546,MEX
MEX,2002,1116904.3,1092030.4,102.634153,38.998264,2189.81,2.5410907,1097635,1076724.1,2114463,.77966112,1165849.533761936,2906315.8,1.0050328,.41481128,9.655958333333333,.64784992,.66043168,Benchmark,Benchmark,Market,Regular,.68502963,.19975269,.15123443,.24420798,-.27505454,-.005170254,.6464885030767632,.7608372377339272,.5047809007113221,.61134928,.56946319,.88717097,MEX
MEX,2003,1144987.8,1112692.8,103.902569,39.291317,2136.54,2.5742471,1126793.9,1097148.6,2486324,.72932875,1182057.916387452,3002647,.99127215,.41014716,10.78901916666667,.62151867,.63831234,Interpolated,Benchmark,Market,Regular,.69208091,.20050001,.14944854,.2259845,-.26145166,-.0065623233,.6155503531572746,.7287702377233882,.5052689576330717,.66511232,.59454495,.79417789,MEX
MEX,2004,1205058.6,1169663.4,105.175967,40.644634,2116.67,2.6015327,1186517.9,1159212.8,2966549.3,.70158297,1230162.638897033,3096254.8,.99496269,.38857061,11.28596666666667,.63933271,.65439212,Interpolated,Benchmark,Market,Regular,.69622135,.20930524,.13615741,.23335454,-.26896551,-.0060730521,.622908920900011,.7735617521139029,.5169724233576457,.69491589,.63122648,.76939678,MEX
MEX,2005,1276822.3,1270454.9,106.483757,40.899689,2207.2,2.6291075,1276822.3,1270454.9,3202446.5,.74845642,1270454.875,3202446.5,1,.38474837,10.89789166666667,.66265661,.66597784,Benchmark,Benchmark,Market,Regular,.68217719,.20875414,.12871903,.23460749,-.24868903,-.0055688322,.6502538701788874,.7698011349899599,.554623047481694,.71867502,.70207399,.78526741,MEX
MEX,2006,1355840.6,1306059.1,107.835259,42.349262,2184.09,2.6530788,1345835,1326403.8,3622273.5,.73936284,1334724.301151094,3312924,1.0117506,.36640668,10.89924166666667,.70518512,.71551579,Interpolated,Benchmark,Market,Regular,.67758411,.21701896,.13274603,.24998692,-.27127364,-.0060624136,.6854103790707337,.8548881467082329,.56138139640355,.75384009,.71170908,.81368679,MEX
MEX,2007,1409734.4,1346272.3,109.220753,43.111858,2177.27,2.6772687,1384887.4,1366865.1,3825567.8,.73445028,1379617.111627661,3426273.3,1.0136733,.36568591,10.92819166666667,.74603653,.7558732,Interpolated,Benchmark,Market,Regular,.67103881,.21871103,.13949727,.24443555,-.26761115,-.0060715145,.7298449016137087,.909656811896051,.5673927083019862,.81356639,.77073807,.85878175,MEX
MEX,2008,1433931.9,1348946,110.627158,44.134693,2166.8,2.7016792,1418976.9,1394553.5,3933077.5,.73444688,1396417.908700876,3548754.3,.99154782,.36568591,11.12971666666667,.76955497,.78303248,Benchmark,Extrapolated,Market,Regular,.66715634,.22476667,.14865735,.24626537,-.28003502,-.0068107252,.7600732341930933,.9320396745170995,.5664345703076367,.84810531,.79017711,.90226078,MEX
MEX,2009,1339004.9,1295943.5,112.033369,43.66449,2076.79,2.7263122,1325862.1,1312727,3959534,.69449008,1312668.519059813,3651665.8,.91587853,.36568591,13.513475,.6637966,.67043865,Extrapolated,Extrapolated,Market,Regular,.6598044,.20041569,.16461226,.20717059,-.22263312,-.0093698846,.6706777999283413,.7852157101473256,.4883873379114965,.84465849,.80198383,.76443404,MEX
MEX,2010,1406979.4,1347179.5,113.423047,44.204903,2066.88,2.7511697,1392709.6,1377541.6,3739613,.7210654,1382550.162263398,3747012.8,.94160366,.36568591,12.6360083333333,.74036187,.748514,Extrapolated,Extrapolated,Market,Regular,.66219741,.20046698,.16062841,.2477973,-.26202318,-.0090669692,.7435503303652445,.8834810386728073,.5486019761747901,.87389499,.83525085,.91981602,MEX
MEX,2011,1459002.6,1378161.6,114.793341,45.226406,2074.43,2.7511697,1443950.8,1425631.5,3871231.5,.72086084,1436714.850630891,3837564.8,.95576566,.36568591,12.423325,.80003119,.81031144,Extrapolated,Extrapolated,Market,Regular,.66863173,.19931008,.1577194,.26410365,-.28033081,-.0094340425,.7878390655729367,1.010100838136821,.5862528877414329,.9234944,.87932962,1.0395316,MEX
USA,1950,1991266.1,1987355.9,155.5472377124584,62.077442,1908.73,2.6327088,1970438.1,1970559.1,5123453.5,1,1979348.958314974,6328850.5,.61714786,.63947254,1,.14711514,.14710613,Extrapolated,Extrapolated,Market,Regular,.69095206,.22559321,.10201051,.044135686,-.038685698,-.024005814,.1411614077460771,.1474105303968193,.1867886806589996,.10464801,.098904356,.14710613,USA
USA,1951,2118026.5,2123563.5,158.2103294943234,64.565399,1918.55,2.6458247,2112624.3,2119668,5404985.5,1,2132525.898844758,6808344,.62958843,.64326239,1,.15851773,.15799096,Extrapolated,Extrapolated,Market,Regular,.6493035,.21743929,.13375838,.054330207,-.04185243,-.012978937,.1514922738494379,.1582112556619617,.1931195988153544,.10898722,.10696992,.15799096,USA
USA,1952,2192238.3,2191430.3,160.9428843529691,65.380066,1913.27,2.6590061,2200019.8,2201972.5,5666236.5,1,2214200.415456255,7050130,.63845134,.65552956,1,.16074462,.16060208,Extrapolated,Extrapolated,Market,Regular,.64978653,.19186516,.1531795,.048216794,-.041208427,-.0018395159,.1534093902672387,.1548219346254442,.1992791280182443,.11406763,.10959503,.16060208,USA
USA,1953,2296067,2288842,163.6304925148744,66.24585,1910.17,2.6722531,2306508.5,2304307.5,5891225,1,2316120.743181425,7307389,.65185821,.65625978,1,.16230953,.16246456,Extrapolated,Extrapolated,Market,Regular,.65311128,.18965131,.15769058,.041134421,-.03987097,-.0017166345,.1548868980145913,.1563254098669705,.2002490366754113,.11847706,.11319314,.16246456,USA
USA,1954,2288106.5,2286074,166.5336405179662,64.944626,1893.83,2.6855662,2290546,2292318.8,6032775,1,2301504.206935213,7567169,.64617944,.64948773,1,.16391462,.16378787,Extrapolated,Extrapolated,Market,Regular,.66870773,.17963535,.14806126,.042660512,-.037661519,-.0014033102,.156566887925743,.1582567399850816,.2039645911322412,.11858907,.11594319,.16378787,USA
USA,1955,2466504,2463346.3,169.5011440186636,66.763069,1903.73,2.6989455,2458334,2458313.5,6268710.5,1,2467223.626127369,7874742,.66877294,.63984132,1,.16649814,.16649954,Extrapolated,Extrapolated,Market,Regular,.66516155,.20669411,.13435397,.043689415,-.039270863,-.010628173,.1582704571725343,.1644865731634841,.2103265350121213,.12096186,.11580256,.16649954,USA
USA,1956,2518932.5,2516757,172.5370890803065,68.268723,1892.54,2.713721,2504876.5,2506549.5,6670619,1,2516011.237576657,8177633.5,.66099989,.65664434,1,.17234898,.17223394,Extrapolated,Extrapolated,Market,Regular,.66541415,.20217498,.1333345,.049383651,-.040956747,-.0093505457,.1629000993967104,.1720978932618467,.2198849158933839,.12630157,.11966233,.17223394,USA
USA,1957,2572172.8,2569814.8,175.6843793679652,68.524269,1869.4,2.7285771,2558384.8,2558599.3,6902319,1,2566576.337111048,8470444,.66216481,.65513736,1,.17788753,.17787263,Extrapolated,Extrapolated,Market,Regular,.66562343,.1907075,.13776712,.052042391,-.041673124,-.0044673509,.168461113882728,.1750111882275081,.2274130366835483,.13229407,.12130874,.17787263,USA
USA,1958,2551681,2540404,178.6447322578176,67.292557,1853.68,2.7435148,2544304.8,2538290.5,6946915.5,1,2543466.33975715,8730865,.65481251,.65588683,1,.18123829,.18166772,Extrapolated,Extrapolated,Market,Regular,.67819494,.17631465,.14444463,.043994755,-.041757278,-.0011916673,.1720636856811682,.1745728672828348,.2324508991766822,.13539843,.12264613,.18166772,USA
USA,1959,2737940.8,2725110.8,181.6561609394203,68.833984,1868.71,2.758534,2723701.5,2720063,7159986.5,1,2725876.352779357,9042303,.6806795,.64919174,1,.18357855,.18382411,Extrapolated,Extrapolated,Market,Regular,.66686225,.19784361,.13906555,.045021359,-.042028274,-.0067644631,.1751467761671652,.1766913945375146,.2338095548262095,.13605577,.12678903,.18382411,USA
USA,1960,2809028.5,2801639.3,184.5582874266772,69.98597,1862.85,2.7736356,2792832.3,2787872.5,7338077,1,2793428.133415708,9410647,.67812282,.65852576,1,.18603186,.1863628,Extrapolated,Extrapolated,Market,Regular,.67192131,.19005926,.13490716,.050842963,-.042993143,-.0047375616,.1771271163049839,.1803689623776952,.2383609145602294,.13981335,.12364031,.1863628,USA
USA,1961,2875306.3,2865231,187.6432652484004,70.039124,1854.65,2.8062062,2861667.8,2855209.8,7474937,1,2858510.912696733,9719826,.68069226,.65620971,1,.18790318,.18832818,Extrapolated,Extrapolated,Market,Regular,.67006052,.17964147,.14377479,.048324499,-.040331364,-.0014698973,.1788660850585075,.1846753192674132,.2340535356387951,.14682242,.1281275,.18832818,USA
USA,1962,3054122.5,3040337.5,190.5515208306673,71.203377,1863.4,2.8391593,3040586.3,3031644,7674185,1,3031736.192454445,10072993,.700068,.65140361,1,.19012278,.19068357,Extrapolated,Extrapolated,Market,Regular,.66335541,.18836066,.14521828,.046217505,-.040310539,-.0028413418,.1806512254544552,.1868763103753022,.237599694122402,.1524393,.13296598,.19068357,USA
USA,1963,3188658,3177012.8,193.3136996485282,72.206116,1862.38,2.8724995,3169593.5,3165977,7910052,1,3164272.136985656,10465713,.70903611,.64954853,1,.19238029,.19260003,Extrapolated,Extrapolated,Market,Regular,.65953565,.19278464,.14261581,.048427612,-.03987395,-.0034897507,.1832788862697597,.1861527279080604,.2428885301393171,.14950161,.13477297,.19260003,USA
USA,1964,3378645.3,3371237.3,196.0176520637935,73.801735,1871.77,2.9062309,3351703.8,3351968.3,8224549,1,3347373.181051258,10911239,.72325456,.64773721,1,.19541459,.19539918,Extrapolated,Extrapolated,Market,Regular,.65764165,.19725321,.1379066,.051725268,-.03967924,-.0048475233,.1866726221507539,.187046035017617,.2490727175162832,.15248655,.13984475,.19539918,USA
USA,1965,3607685.3,3590969.5,198.4835912895022,75.616089,1881.75,2.9403586,3577778.3,3569803.3,8664799,1,3562275.155464189,11412346,.74014884,.64269626,1,.19837736,.19882053,Extrapolated,Extrapolated,Market,Regular,.65631551,.2093443,.13509545,.04718937,-.040994991,-.0069496818,.1894219620939432,.1915838061723165,.2524113785507865,.1623334,.14600125,.19882053,USA
USA,1966,3843449.8,3820408.3,200.7891525291146,77.901657,1876.51,2.9705918,3815606.5,3805424.5,9113906,1,3794460.1393644,11935598,.75617391,.6460371,1,.20375746,.20430264,Extrapolated,Extrapolated,Market,Regular,.65014076,.21264979,.14047039,.047584318,-.044106048,-.0067392373,.1943767323388869,.196536580951763,.2581056428948347,.1675293,.15222809,.20430264,USA
USA,1967,3940460.5,3909642,202.9874546060511,79.707825,1853.76,3.0011361,3917491,3902852,9491440,1,3890356.00733721,12414244,.74838835,.65440774,1,.20972022,.21050686,Extrapolated,Extrapolated,Market,Regular,.65197694,.19629337,.15153264,.045575745,-.043569159,-.0018095098,.1995622478718445,.2033293289208078,.2617041128192137,.17727968,.15769818,.21050686,USA
USA,1968,4139081.3,4102298,205.0243571810565,81.345352,1843.38,3.0319943,4116101.8,4095049,9949551,1,4078691.382498785,12920394,.75855386,.66066027,1,.21816048,.21928206,Extrapolated,Extrapolated,Market,Regular,.65683758,.19652314,.15104687,.045801099,-.049490452,-.00071828609,.2074517449640575,.2125243181307489,.2720611247155118,.18335025,.16326644,.21928206,USA
USA,1969,4278886,4240836.5,207.0377648918567,83.330406,1837.15,3.0631697,4246977.5,4225062.5,10478792,1,4205400.821390206,13439002,.75445271,.67123759,1,.22877465,.22996129,Extrapolated,Extrapolated,Market,Regular,.65664643,.20288485,.14664346,.046446234,-.049618058,-.0030029418,.2181033931040463,.221004300957816,.2873093927525918,.19367079,.17192772,.22996129,USA
USA,1970,4292857.5,4259202,209.463865,83.767899,1808.59,3.0946658,4259668,4239117.5,10816391,1,4213400,13899786,.73988253,.67816722,1,.24058214,.24174845,Benchmark,Extrapolated,Market,Regular,.66539854,.19249623,.14303091,.051613566,-.053249218,.00070994406,.229836355766368,.226221583314577,.3098999026971529,.19755396,.1769885,.24174845,USA
USA,1971,4448279.5,4415110,211.355529,83.786324,1797.89,3.1237266,4406567.5,4384398,11353385,1,4359100,14394300,.75190341,.66710538,1,.25260025,.25387749,Interpolated,Extrapolated,Market,Regular,.66331422,.20455389,.13664651,.048281759,-.054622728,.0018263465,.2412460891845031,.236718545087938,.3314902191104276,.20846808,.19025093,.25387749,USA
USA,1972,4704837,4674713.5,213.25035,86.114845,1803.47,3.1530604,4646824,4626205.5,11994461,1,4599800,14962213,.76429474,.66915834,1,.26362091,.26479584,Interpolated,Extrapolated,Market,Regular,.66055995,.21635282,.13033205,.048686408,-.057878286,.0019471046,.2520381972161706,.2438823111752902,.3550917117829601,.22100705,.20751423,.26479584,USA
USA,1973,4988095,4966974,215.164616,88.904274,1796.68,3.1826694,4910725.5,4901027,12723751,1,4871700,15587390,.77685529,.67330676,1,.27883863,.27939042,Interpolated,Extrapolated,Market,Regular,.64932698,.22582439,.12382735,.060042631,-.060654972,.0016336015,.2677250653928859,.2563311645384738,.3781629978239447,.24242599,.23371123,.27939042,USA
USA,1974,4894026,4923567.5,217.113584,90.555664,1776.52,3.2125566,4864153,4875727.5,13467107,1,4846400,16120947,.75022525,.67564702,1,.30547971,.30475453,Interpolated,Extrapolated,Market,Regular,.64755249,.22107169,.12953903,.074986942,-.074287474,.0011373158,.2954749544049629,.2747045402662513,.4080133510935842,.26942772,.27883896,.30475453,USA
USA,1975,4872786.5,4902532.5,219.108358,89.47789,1755.24,3.2427247,4863875,4867046.5,14062097,1,4836900,16524117,.74391133,.65720421,1,.33376679,.33354929,Benchmark,Extrapolated,Market,Regular,.65952712,.1949998,.13497204,.072759889,-.065530643,.0032718468,.3220611772999932,.29829103635877,.442218439416604,.30382428,.30382925,.33354929,USA
USA,1976,5158308.5,5186870,221.161377,92.369064,1758.73,3.2670844,5127955,5130197,14450382,1,5099000,16979164,.75715262,.65670717,1,.35279173,.35263753,Interpolated,Extrapolated,Market,Regular,.65882975,.21265969,.12901279,.071328603,-.074651569,.0028207398,.340628716989763,.3171442793167199,.4736643708970001,.31424609,.31802151,.35263753,USA
USA,1977,5392160.5,5435189.5,223.274855,95.616493,1753.47,3.2916272,5353539.5,5369847.5,15265002,1,5335500,17527076,.76234043,.65683764,1,.37612498,.37498271,Interpolated,Extrapolated,Market,Regular,.65771556,.22469543,.12593968,.06767191,-.078371167,.0023485301,.3617952010070175,.3444445775951773,.5074844547195783,.33059168,.35134867,.37498271,USA
USA,1978,5704271.5,5758797,225.436004,99.590454,1751.66,3.3163543,5647927,5671366,16331796,1,5635700,18172714,.7705071,.65793097,1,.40297973,.40131426,Interpolated,Extrapolated,Market,Regular,.64442301,.23945342,.12306076,.070404604,-.083549999,.0062082601,.3906140337563014,.3689909234883771,.5338701016453123,.35979587,.38640043,.40131426,USA
USA,1979,5858959,5928871.5,227.624232,102.23164,1743.29,3.3412671,5801056,5849505.5,17324552,1,5813100,18841772,.76779938,.65774107,1,.43845466,.43482307,Interpolated,Extrapolated,Market,Regular,.64038575,.23926944,.12083495,.079824179,-.086031601,.005717319,.4247799093231972,.4029700200184749,.5811908035490787,.38938436,.43489584,.43482307,USA
USA,1980,5750466,5872887,229.825004,102.5131,1728.42,3.3663671,5737749.5,5830054,17983890,1,5796400,19392764,.75300568,.65960771,1,.48233196,.47469544,Benchmark,Extrapolated,Market,Regular,.64532506,.21927598,.12418947,.090737812,-.086499251,.0069709118,.466685115369545,.4387547092526681,.6405800450220768,.41720673,.50168419,.47469544,USA
USA,1981,5912490.5,6027685,232.035086,103.6459,1718.14,3.3693204,5905171,5975565.5,18791768,1,5943700,19914240,.7591725,.6488626,1,.52560711,.51941526,Interpolated,Extrapolated,Market,Regular,.63827789,.22978601,.12416743,.084737405,-.085695453,.0087267226,.5085117303834804,.4809550437912916,.6961192011703423,.46146777,.53380847,.51941526,USA
USA,1982,5791134.5,5887248.5,234.261242,102.79406,1714.08,3.3722763,5805034,5851237.5,19259518,1,5826000,20307654,.74262899,.65272677,1,.5560174,.55162686,Interpolated,Extrapolated,Market,Regular,.66149962,.20513082,.13162071,.07657519,-.081823513,.006997243,.5362229920544194,.5029705178920523,.7381736522576002,.47376952,.53232789,.55162686,USA
USA,1983,6084204,6155539,236.510688,104.17869,1730.46,3.3752348,6087277,6111901,18813556,1,6089100,20761348,.76305395,.63779056,1,.57610327,.57378221,Interpolated,Extrapolated,Market,Regular,.67134494,.20940255,.12990661,.066423193,-.083404817,.0063275257,.5577606333545605,.5127172851373485,.7730709141518629,.48271561,.52938235,.57378221,USA
USA,1984,6573644.5,6626666,238.794274,108.5133,1745.8,3.3781958,6543190.5,6547742.5,18960520,1,6527200,21386624,.78800869,.63626575,1,.59610063,.59568626,Interpolated,Benchmark,Market,Regular,.65659827,.24687649,.12216796,.066441849,-.0988326,.0067480253,.5817544608236737,.5155016460369062,.8360790933309715,.48743793,.52721518,.59568626,USA
USA,1985,6842254,6860966,241.119752,110.78332,1742.29,3.3811595,6866981.5,6816246,19370190,1,6795600,22054654,.80021876,.63570708,1,.60940897,.61394495,Benchmark,Benchmark,Market,Regular,.66823393,.2412595,.12568294,.061837342,-.10649443,.0094807399,.5966391387476356,.5165145766847,.8556229282424066,.48996851,.49786454,.61394495,USA
USA,1986,7056732,7064714,243.495805,113.35015,1732.17,3.3875747,7091677,7046521,20026518,1,7028500,22698254,.80620831,.63763422,1,.62397093,.6279695,Interpolated,Benchmark,Market,Regular,.67579508,.23110919,.12966211,.051769536,-.099193804,.010857852,.6083152899745853,.5350884647198828,.8639911453932166,.56581897,.55374813,.6279695,USA
USA,1987,7254445.5,7288959,245.920994,116.35659,1733.28,3.3940017,7290566.5,7267993.5,20503916,1,7251100,23326776,.80893713,.64460665,1,.64453149,.64653331,Interpolated,Benchmark,Market,Regular,.67597896,.22855017,.12950885,.054428041,-.095641166,.0071751438,.6303467094519644,.5490334179982465,.8870997692942504,.62040383,.6100204,.64653331,USA
USA,1988,7550633,7577077.5,248.381577,118.98381,1733.43,3.4004412,7570329.5,7561832.5,21097714,1,7548400,23961024,.82119519,.6489656,1,.66849136,.6692425,Interpolated,Benchmark,Market,Regular,.6771403,.21901669,.12676679,.061531354,-.09245006,.0079949414,.6542625303076093,.5721039702553343,.9110263300253139,.6653918,.65836841,.6692425,USA
USA,1989,7824007.5,7845389.5,250.857751,121.44285,1741.94,3.4068928,7814571.5,7827507.5,21574754,1,7817500,24600122,.83049572,.63819903,1,.69608426,.69493383,Interpolated,Benchmark,Market,Regular,.67591953,.21425547,.12430489,.069105759,-.091209769,.0076240906,.679391308093502,.6060511191201684,.9420373801328871,.67224371,.69053763,.69493383,USA
USA,1990,7940583.5,7963012,253.339097,122.68879,1724.17,3.4133568,7962127,7967953.5,21852088,1,7962600,25188296,.83226579,.64009082,1,.7227717,.72224313,Interpolated,Benchmark,Market,Regular,.70175636,.19368629,.11730062,.068445183,-.089365654,.0081771743,.6859263705195895,.6586606116131525,1.049060396389298,.72036862,.72679693,.72224313,USA
USA,1991,7925818,7925629.5,255.807342,121.23214,1712.32,3.4321568,7938834.5,7944729.5,21851852,1,7941800,25652820,.82806689,.64052641,1,.74862373,.74806827,Interpolated,Benchmark,Market,Regular,.70567185,.18045971,.11763251,.072275564,-.086234294,.010194676,.7099065482787328,.673849210146784,1.095597591802461,.73414803,.74286664,.74806827,USA
USA,1992,8212727,8211394.5,258.275919,121.48073,1715.65,3.4510603,8176826.5,8213811.5,21882570,1,8212200,26160804,.84615749,.64214277,1,.76943058,.76596594,Interpolated,Benchmark,Market,Regular,.69709468,.19113529,.1124413,.078534715,-.090883054,.011677025,.7399484265865965,.657600899426903,1.142304405077765,.69346035,.74145854,.76596594,USA
USA,1993,8485765,8469315,260.803255,122.83451,1725.39,3.470068,8455386,8449717,22473502,1,8448100,26752074,.85438287,.64033693,1,.78225881,.78278363,Interpolated,Benchmark,Market,Regular,.70270765,.20071232,.10699391,.078547157,-.10014849,.011187427,.7551096411482101,.6622198784655535,1.185751221012456,.70025027,.71275723,.78278363,USA
USA,1994,8874474,8842204,263.46898,125.44605,1734.36,3.4891801,8793619,8797470,23224944,1,8795700,27424690,.86677957,.63635784,1,.79950017,.79915023,Interpolated,Benchmark,Market,Regular,.70224231,.20754507,.10296877,.080504037,-.10519291,.011932721,.7689922633788895,.6962154713383201,1.215744484710065,.72340292,.74455005,.79915023,USA
USA,1995,9111157,9071050,266.323717,127.21584,1736.61,3.5083978,9007711,9022014,24160232,1,9019900,28155274,.86956257,.63815272,1,.81700003,.81570476,Extrapolated,Benchmark,Market,Regular,.71012533,.20177926,.098815024,.084061384,-.10798276,.013201799,.7784433201511066,.7317949212994882,1.268072508138046,.76867443,.79121697,.81570476,USA
USA,1996,9489392,9430334,269.393632,129.08559,1727.93,3.5117826,9362176,9364049,24838432,1,9361400,28985402,.88420385,.63466507,1,.83141994,.83125365,Benchmark,Benchmark,Market,Regular,.71466649,.20393614,.093566619,.086021401,-.11085053,.01265985,.7880251784939001,.7542672141169937,1.331031804039534,.77315623,.78768718,.83125365,USA
USA,1997,9969762,9869378,272.64334,132.04805,1739.61,3.5151708,9764408,9784660,25786452,1,9783200,29882946,.90018988,.63470924,1,.84786505,.84611011,Interpolated,Benchmark,Market,Regular,.70192212,.21389557,.094323084,.095814928,-.11914491,.013189193,.811086720837486,.7665457136859538,1.30596469647773,.73335564,.77031296,.84611011,USA
USA,1998,10481537,10309118,275.986072,134.14735,1741.65,3.5185621,10188525,10215233,27033104,1,10213800,30879060,.91891718,.64946902,1,.85792595,.85568285,Interpolated,Benchmark,Market,Regular,.70312089,.21884906,.093877628,.096257605,-.12378746,.011682302,.8240117022883899,.776929933579768,1.300754521703505,.69199556,.74680644,.85568285,USA
USA,1999,10999349,10807267,279.30003,136.38443,1745.85,3.5219567,10698843,10712516,28316298,1,10711100,31958800,.94137508,.65183604,1,.86934638,.86823678,Benchmark,Benchmark,Market,Regular,.70621002,.22609572,.094561644,.09364114,-.13172625,.011217718,.8384084585052105,.7803706996765534,1.313138267335525,.69062084,.75062382,.86823678,USA
USA,2000,11437912,11275426,282.49631,138.36305,1738.53,3.5253546,11214124,11159647,29641690,1,11158100,33077686,.95943165,.66363871,1,.88270831,.88701737,Interpolated,Benchmark,Market,Regular,.7123946,.23608042,.095185488,.10761069,-.1609439,.0096726874,.8591620080949378,.77306609883531,1.33087128499663,.64979082,.7004599,.88701737,USA
USA,2001,11570865,11368939,285.544778,138.58023,1721.32,3.5351913,11382511,11281034,30943700,1,11280100,34042272,.9578253,.6643244,1,.89908981,.90717751,Interpolated,Benchmark,Market,Regular,.72382134,.22231971,.099432476,.10216334,-.15536486,.0076279812,.8754933311636371,.774881558115752,1.348576712671291,.63427407,.67329609,.90717751,USA
USA,2002,11776021,11515518,288.467308,138.33696,1718.59,3.5450554,11623669,11486391,31964198,1,11486300,34851148,.96691656,.65527469,1,.9110893,.921978,Benchmark,Benchmark,Market,Regular,.72803885,.22075014,.1039836,.094228961,-.15473115,.0077295988,.8895862676619922,.7670305908212837,1.367469072612565,.64047819,.67646337,.921978,USA
USA,2003,12060739,11789128,291.290823,139.62138,1709.4,3.5549469,11894552,11779402,33108044,1,11779500,35675240,.97590995,.65363485,1,.93230075,.94141459,Interpolated,Benchmark,Market,Regular,.72863883,.21868502,.10836342,.087291881,-.14994818,.0069689699,.9092699098901413,.7898745137249301,1.374586879814944,.7037313,.73888355,.94141459,USA
USA,2004,12482813,12196382,294.06312,141.16116,1709.64,3.5648661,12299415,12189376,35040692,1,12189400,36589712,.99205768,.64702308,1,.95921636,.96787566,Interpolated,Benchmark,Market,Regular,.72520143,.22646576,.11027569,.089660138,-.15911828,.0075152991,.9356144244754814,.8272123243612546,1.385516442874773,.7483806,.786403,.96787566,USA
USA,2005,12826291,12564300,296.820296,143.6192,1708.56,3.5748129,12826291,12564300,37569048,1,12564300,37569048,1,.63982737,1,.97957397,1,Benchmark,Benchmark,Market,Regular,.73840988,.22712632,.11403529,.09487693,-.18282777,.0083793765,.9488980549226005,.8767967255249242,1.382912232075023,.75863403,.75413251,1,USA
USA,2006,13166931,12898268,299.56447,146.25525,1711.43,3.5835571,13065736,12898426,40324564,1,12898400,38524884,1.0040003,.63883764,1,1.0190394,1.0322578,Interpolated,Benchmark,Market,Regular,.73600519,.22382577,.111669,.10202175,-.18198389,.0084622027,.9797427711217431,.9293037693176791,1.457905170298002,.78806466,.81753308,1.0322578,USA
USA,2007,13413053,13149344,302.284564,147.80365,1708.82,3.5923226,13173010,13144424,41482860,1,13144400,39387952,1.0065953,.63428175,1,1.0598792,1.0621843,Interpolated,Benchmark,Market,Regular,.73522276,.20863147,.10951391,.1026952,-.16618954,.010126201,1.011198234994018,.9761004953720168,1.54630371544695,.86122417,.92339283,1.0621843,USA
USA,2008,13186788,13066677,304.989064,147.06056,1703.16,3.6011095,13055802,13098513,42293168,1,13097200,40057600,.99849927,.63838148,1,1.0891174,1.0855659,Benchmark,Extrapolated,Market,Regular,.74210823,.19071926,.11365303,.11086118,-.16826554,.010923886,1.032404263290632,.9981831746638006,1.612025986008972,.89517599,.98221517,1.0855659,USA
USA,2009,12839243,12597854,307.686729,141.59526,1680.12,3.6099179,12726747,12691530,41251352,1,12690000,40347576,.98673779,.62554687,1,1.0920544,1.0950848,Extrapolated,Extrapolated,Market,Regular,.7537266,.15358727,.12350603,.092068613,-.13414821,.011259649,1.029265915586852,1.005049387629329,1.583432723339988,.90433693,.94088501,1.0950848,USA
USA,2010,13125292,12920400,310.383948,140.8549,1695.03,3.6187477,13015021,12993576,40731044,1,12992000,40615356,1.0094631,.62043649,1,1.1079046,1.109733,Extrapolated,Extrapolated,Market,Regular,.75166106,.16314626,.12238857,.1053434,-.15486223,.012322981,1.045975821046269,1.009503828634148,1.619415413733192,.93302286,.97728163,1.109733,USA
USA,2011,13351904,13193478,313.08538,141.80702,1703.55,3.6187477,13245561,13227916,41501056,1,13225900,40926444,1.0203918,.62198585,1,1.131798,1.1333077,Extrapolated,Extrapolated,Market,Regular,.75873142,.16476379,.11577787,.11223707,-.16511732,.013607194,1.069005003156963,1.025886179424066,1.694025552560085,.97670549,1.0173565,1.1333077,USA
